Date,Value
1999-01-04,162.00
1999-01-05,159.30
1999-01-06,163.36
1999-01-07,170.50
1999-01-08,176.00
1999-01-11,178.75
1999-01-12,185.00
1999-01-13,181.00
1999-01-14,184.58
1999-01-15,195.70
1999-01-18,190.38
1999-01-19,181.50
1999-01-20,183.51
1999-01-21,180.53
1999-01-22,173.72
1999-01-25,173.25
1999-01-26,177.00
1999-01-27,182.50
1999-01-28,185.25
1999-01-29,186.45
1999-02-01,193.97
1999-02-02,186.70
1999-02-03,192.45
1999-02-04,189.50
1999-02-05,182.15
1999-02-08,182.25
1999-02-09,180.65
1999-02-10,182.50
1999-02-11,182.21
1999-02-12,179.50
1999-02-15,177.32
1999-02-16,178.75
1999-02-17,179.49
1999-02-18,173.90
1999-02-19,174.31
1999-02-22,171.69
1999-02-23,140.00
1999-02-24,172.25
1999-02-25,175.45
1999-02-26,177.00
1999-03-01,170.00
1999-03-02,169.92
1999-03-03,165.91
1999-03-04,165.66
1999-03-05,166.29
1999-03-08,163.62
1999-03-09,165.61
1999-03-10,166.19
1999-03-11,168.00
1999-03-12,164.50
1999-03-15,164.43
1999-03-16,160.00
1999-03-17,161.00
1999-03-18,159.00
1999-03-19,162.75
1999-03-22,164.38
1999-03-23,166.00
1999-03-24,170.15
1999-03-25,173.00
1999-03-26,169.00
1999-03-29,170.75
1999-03-30,166.00
1999-03-31,165.96
1999-04-01,165.70
1999-04-06,160.00
1999-04-07,161.50
1999-04-08,161.31
1999-04-09,155.40
1999-04-12,159.50
1999-04-13,169.50
1999-04-14,171.25
1999-04-15,167.50
1999-04-16,181.50
1999-04-19,179.75
1999-04-20,177.75
1999-04-21,185.58
1999-04-22,193.61
1999-04-23,192.78
1999-04-26,190.75
1999-04-27,186.64
1999-04-28,186.00
1999-04-29,178.00
1999-04-30,184.75
1999-05-04,192.65
1999-05-05,188.75
1999-05-06,190.00
1999-05-07,189.00
1999-05-10,184.00
1999-05-11,190.50
1999-05-12,185.25
1999-05-13,187.50
1999-05-14,184.81
1999-05-17,183.56
1999-05-18,182.56
1999-05-19,182.00
1999-05-20,178.30
1999-05-21,177.00
1999-05-24,177.77
1999-05-25,172.50
1999-05-26,172.16
1999-05-27,181.50
1999-05-28,181.75
1999-06-01,184.07
1999-06-02,185.67
1999-06-03,184.00
1999-06-04,186.20
1999-06-07,187.57
1999-06-08,184.75
1999-06-09,186.80
1999-06-10,187.63
1999-06-11,191.25
1999-06-14,177.80
1999-06-15,178.91
1999-06-16,172.65
1999-06-17,166.25
1999-06-18,171.00
1999-06-21,174.62
1999-06-22,172.17
1999-06-23,168.70
1999-06-24,168.50
1999-06-25,167.00
1999-06-28,168.39
1999-06-29,166.00
1999-06-30,164.30
1999-07-01,165.75
1999-07-02,170.00
1999-07-05,172.75
1999-07-06,172.02
1999-07-07,170.70
1999-07-08,169.50
1999-07-09,166.14
1999-07-12,167.00
1999-07-13,165.02
1999-07-14,165.83
1999-07-15,167.30
1999-07-16,164.41
1999-07-19,163.31
1999-07-20,161.04
1999-07-21,160.44
1999-07-22,160.75
1999-07-23,162.00
1999-07-26,161.31
1999-07-27,163.98
1999-07-28,161.68
1999-07-29,164.23
1999-07-30,161.12
1999-08-02,164.64
1999-08-03,166.70
1999-08-04,168.59
1999-08-05,165.73
1999-08-06,171.64
1999-08-09,169.66
1999-08-10,167.02
1999-08-11,167.62
1999-08-12,173.48
1999-08-13,173.81
1999-08-16,172.91
1999-08-17,179.58
1999-08-18,178.31
1999-08-19,174.48
1999-08-20,172.73
1999-08-23,173.66
1999-08-24,170.93
1999-08-25,173.02
1999-08-26,176.92
1999-08-27,179.48
1999-08-31,184.25
1999-09-01,188.90
1999-09-02,190.98
1999-09-03,192.00
1999-09-06,197.00
1999-09-07,192.25
1999-09-08,192.50
1999-09-09,193.58
1999-09-10,191.97
1999-09-13,194.75
1999-09-14,195.48
1999-09-15,190.25
1999-09-16,188.98
1999-09-17,189.73
1999-09-20,185.00
1999-09-21,185.96
1999-09-22,184.00
1999-09-23,183.50
1999-09-27,184.02
1999-09-28,189.04
1999-09-29,191.11
1999-09-30,189.79
1999-10-01,181.25
1999-10-04,186.04
1999-10-05,190.89
1999-10-06,187.00
1999-10-07,187.00
1999-10-08,189.00
1999-10-11,188.95
1999-10-12,187.69
1999-10-13,189.50
1999-10-14,185.98
1999-10-15,178.50
1999-10-18,177.00
1999-10-19,183.72
1999-10-20,185.73
1999-10-21,183.38
1999-10-22,181.07
1999-10-25,178.99
1999-10-26,181.02
1999-10-27,180.29
1999-10-28,183.62
1999-10-29,181.91
1999-11-01,183.15
1999-11-02,185.40
1999-11-03,186.00
1999-11-04,182.02
1999-11-05,182.77
1999-11-08,181.52
1999-11-09,177.98
1999-11-10,182.00
1999-11-11,183.00
1999-11-12,188.00
1999-11-15,186.73
1999-11-16,187.00
1999-11-17,188.42
1999-11-18,184.50
1999-11-19,170.98
1999-11-22,174.75
1999-11-23,181.25
1999-11-24,176.55
1999-11-25,172.00
1999-11-26,174.56
1999-11-29,174.00
1999-11-30,168.27
1999-12-01,172.77
1999-12-02,175.49
1999-12-03,184.00
1999-12-06,179.00
1999-12-07,176.80
1999-12-08,181.66
1999-12-09,184.49
1999-12-10,179.48
1999-12-13,173.84
1999-12-14,177.27
1999-12-15,175.40
1999-12-16,179.86
1999-12-17,180.50
1999-12-20,179.61
1999-12-21,180.48
1999-12-22,185.00
1999-12-23,185.48
1999-12-24,184.00
1999-12-29,182.00
1999-12-30,188.00
2000-01-04,183.51
2000-01-05,184.74
2000-01-06,184.80
2000-01-07,183.27
2000-01-10,178.52
2000-01-11,170.52
2000-01-12,171.66
2000-01-13,168.57
2000-01-14,165.25
2000-01-17,163.11
2000-01-18,164.76
2000-01-19,169.05
2000-01-20,168.80
2000-01-21,170.17
2000-01-24,167.62
2000-01-25,165.00
2000-01-26,162.93
2000-01-27,165.14
2000-01-28,167.50
2000-01-31,163.84
2000-02-01,165.17
2000-02-02,163.58
2000-02-03,163.34
2000-02-04,159.00
2000-02-07,157.48
2000-02-08,158.30
2000-02-09,159.73
2000-02-10,162.50
2000-02-11,163.00
2000-02-14,164.80
2000-02-15,163.92
2000-02-16,173.35
2000-02-17,176.84
2000-02-18,185.32
2000-02-21,178.27
2000-02-22,169.80
2000-02-23,171.53
2000-02-24,170.48
2000-02-25,166.48
2000-02-28,168.33
2000-02-29,169.45
2000-03-01,185.50
2000-03-02,186.09
2000-03-03,180.40
2000-03-06,176.73
2000-03-07,173.50
2000-03-08,176.50
2000-03-09,177.27
2000-03-10,179.48
2000-03-13,175.32
2000-03-14,176.92
2000-03-15,185.59
2000-03-16,189.64
2000-03-17,188.59
2000-03-20,192.20
2000-03-21,193.75
2000-03-22,194.68
2000-03-23,193.45
2000-03-24,197.75
2000-03-27,205.60
2000-03-28,203.00
2000-03-29,203.18
2000-03-30,201.00
2000-03-31,208.75
2000-04-03,213.55
2000-04-04,220.37
2000-04-05,212.50
2000-04-06,208.12
2000-04-07,208.90
2000-04-10,206.95
2000-04-11,211.73
2000-04-12,220.68
2000-04-13,213.61
2000-04-14,217.00
2000-04-17,212.68
2000-04-18,209.60
2000-04-19,208.65
2000-04-20,212.26
2000-04-25,219.17
2000-04-26,217.36
2000-04-27,215.61
2000-04-28,216.60
2000-05-02,216.23
2000-05-03,205.85
2000-05-04,208.10
2000-05-05,210.10
2000-05-12,214.11
2000-05-15,210.69
2000-05-16,210.83
2000-05-17,210.45
2000-05-18,208.63
2000-05-19,206.25
2000-05-22,212.25
2000-05-23,210.00
2000-05-24,209.75
2000-05-25,207.75
2000-05-26,206.25
2000-05-30,205.00
2000-05-31,202.00
2000-06-01,203.25
2000-06-02,200.50
2000-06-05,207.50
2000-06-06,214.00
2000-06-07,213.50
2000-06-08,213.50
2000-06-09,213.75
2000-06-12,206.50
2000-06-13,206.00
2000-06-14,209.00
2000-06-15,210.00
2000-06-16,205.50
2000-06-19,207.25
2000-06-20,205.50
2000-06-21,203.25
2000-06-22,204.25
2000-06-23,207.00
2000-06-26,208.25
2000-06-27,206.00
2000-06-28,202.00
2000-06-29,199.50
2000-06-30,205.50
2000-07-03,202.00
2000-07-04,207.00
2000-07-05,209.75
2000-07-06,214.00
2000-07-07,212.50
2000-07-10,212.25
2000-07-11,209.00
2000-07-12,207.50
2000-07-13,206.00
2000-07-14,206.00
2000-07-17,209.25
2000-07-18,208.75
2000-07-19,211.75
2000-07-20,212.25
2000-07-21,214.00
2000-07-24,216.25
2000-07-25,217.50
2000-07-26,218.00
2000-07-27,221.00
2000-07-28,223.00
2000-07-31,220.00
2000-08-01,221.00
2000-08-02,227.00
2000-08-03,224.00
2000-08-04,227.00
2000-08-07,225.50
2000-08-08,228.50
2000-08-09,226.50
2000-08-10,222.00
2000-08-11,222.00
2000-08-14,226.25
2000-08-15,225.25
2000-08-16,221.00
2000-08-17,222.00
2000-08-18,221.50
2000-08-21,220.00
2000-08-22,216.50
2000-08-23,214.75
2000-08-24,214.00
2000-08-25,220.00
2000-08-29,215.00
2000-08-30,218.00
2000-08-31,216.75
2000-09-01,217.25
2000-09-04,217.75
2000-09-05,217.50
2000-09-06,213.25
2000-09-07,216.25
2000-09-08,215.75
2000-09-11,213.25
2000-09-12,208.50
2000-09-13,214.25
2000-09-14,215.00
2000-09-15,211.00
2000-09-18,216.50
2000-09-19,234.75
2000-09-20,238.00
2000-09-21,232.00
2000-09-22,237.75
2000-09-25,239.00
2000-09-26,239.75
2000-09-27,249.00
2000-09-28,245.00
2000-09-29,248.50
2000-10-02,244.00
2000-10-03,238.75
2000-10-04,241.25
2000-10-05,240.25
2000-10-06,246.25
2000-10-09,249.75
2000-10-10,251.00
2000-10-11,253.75
2000-10-12,247.00
2000-10-13,248.75
2000-10-16,259.50
2000-10-17,261.00
2000-10-18,268.00
2000-10-19,258.50
2000-10-20,259.00
2000-10-23,261.00
2000-10-24,255.50
2000-10-25,257.00
2000-10-26,262.75
2000-10-27,270.50
2000-10-30,269.50
2000-10-31,262.75
2000-11-01,263.00
2000-11-02,260.75
2000-11-03,260.25
2000-11-06,264.75
2000-11-07,267.50
2000-11-08,268.00
2000-11-09,268.25
2000-11-10,277.75
2000-11-13,272.00
2000-11-14,274.25
2000-11-15,274.00
2000-11-16,270.75
2000-11-17,273.00
2000-11-20,276.50
2000-11-21,286.00
2000-11-22,283.75
2000-11-23,276.50
2000-11-24,275.00
2000-11-27,266.00
2000-11-28,267.00
2000-11-29,271.50
2000-11-30,283.00
2000-12-01,272.50
2000-12-04,278.25
2000-12-05,275.00
2000-12-06,263.00
2000-12-07,270.75
2000-12-08,272.00
2000-12-11,262.00
2000-12-12,266.00
2000-12-13,265.25
2000-12-14,266.00
2000-12-15,269.00
2000-12-18,279.50
2000-12-19,284.75
2000-12-20,284.50
2000-12-21,275.00
2000-12-22,276.00
2000-12-27,284.75
2000-12-28,282.00
2000-12-29,272.75
2001-01-02,276.25
2001-01-03,274.00
2001-01-04,257.00
2001-01-05,261.00
2001-01-08,259.75
2001-01-09,256.50
2001-01-10,261.00
2001-01-11,263.75
2001-01-12,257.50
2001-01-15,260.00
2001-01-16,251.00
2001-01-17,247.50
2001-01-18,246.00
2001-01-19,243.00
2001-01-22,243.75
2001-01-23,247.00
2001-01-24,244.00
2001-01-25,246.75
2001-01-26,251.00
2001-01-29,247.75
2001-01-30,245.75
2001-01-31,241.00
2001-02-01,251.00
2001-02-02,258.00
2001-02-05,258.75
2001-02-06,257.00
2001-02-07,262.00
2001-02-08,263.00
2001-02-09,256.00
2001-02-12,260.00
2001-02-13,261.00
2001-02-14,267.00
2001-02-15,264.25
2001-02-16,261.00
2001-02-19,268.50
2001-02-20,266.00
2001-02-21,268.25
2001-02-22,268.00
2001-02-23,271.00
2001-02-26,263.50
2001-02-27,259.00
2001-02-28,262.50
2001-03-01,265.50
2001-03-02,260.00
2001-03-05,261.50
2001-03-06,258.75
2001-03-07,258.25
2001-03-08,258.50
2001-03-09,255.00
2001-03-12,255.25
2001-03-13,251.75
2001-03-14,250.25
2001-03-15,256.50
2001-03-16,248.75
2001-03-19,249.50
2001-03-20,248.25
2001-03-21,246.00
2001-03-22,248.00
2001-03-23,248.50
2001-03-26,251.00
2001-03-27,254.50
2001-03-28,249.50
2001-03-29,248.50
2001-03-30,251.00
2001-04-02,253.00
2001-04-03,258.00
2001-04-04,259.00
2001-04-05,260.00
2001-04-06,262.00
2001-04-09,269.50
2001-04-10,259.25
2001-04-11,258.00
2001-04-12,250.50
2001-04-17,258.25
2001-04-18,255.50
2001-04-19,247.25
2001-04-20,248.00
2001-04-23,243.00
2001-04-24,247.50
2001-04-25,248.00
2001-04-26,251.25
2001-04-27,256.00
2001-04-30,250.00
2001-05-01,245.00
2001-05-02,241.50
2001-05-03,240.25
2001-05-04,247.50
2001-05-08,246.00
2001-05-09,247.00
2001-05-10,250.00
2001-05-11,243.50
2001-05-14,235.50
2001-05-15,241.50
2001-05-16,249.50
2001-05-17,243.00
2001-05-18,243.50
2001-05-21,245.25
2001-05-22,245.50
2001-05-23,244.00
2001-05-24,242.00
2001-05-25,241.00
2001-05-29,250.00
2001-05-30,255.00
2001-05-31,249.00
2001-06-01,248.00
2001-06-04,251.00
2001-06-05,254.50
2001-06-06,259.50
2001-06-07,257.50
2001-06-08,256.00
2001-06-11,258.75
2001-06-12,260.25
2001-06-13,262.50
2001-06-14,265.50
2001-06-15,261.75
2001-06-18,262.00
2001-06-19,266.00
2001-06-20,268.00
2001-06-21,261.50
2001-06-22,264.00
2001-06-25,263.00
2001-06-26,265.00
2001-06-27,267.00
2001-06-28,263.25
2001-06-29,256.50
2001-07-02,257.00
2001-07-03,252.75
2001-07-04,252.50
2001-07-05,254.00
2001-07-06,260.50
2001-07-09,255.00
2001-07-10,253.00
2001-07-11,253.75
2001-07-12,255.00
2001-07-13,252.50
2001-07-16,248.25
2001-07-17,244.00
2001-07-18,247.50
2001-07-19,245.75
2001-07-20,244.50
2001-07-23,244.75
2001-07-24,243.00
2001-07-25,241.50
2001-07-26,238.00
2001-07-27,240.00
2001-07-30,240.00
2001-07-31,251.00
2001-08-01,256.00
2001-08-02,255.00
2001-08-03,250.50
2001-08-06,247.50
2001-08-07,252.00
2001-08-08,252.75
2001-08-09,253.25
2001-08-10,252.75
2001-08-13,255.25
2001-08-14,259.00
2001-08-15,259.00
2001-08-16,255.00
2001-08-17,256.25
2001-08-20,256.25
2001-08-21,261.00
2001-08-22,256.75
2001-08-23,258.00
2001-08-24,260.00
2001-08-28,258.75
2001-08-29,258.75
2001-08-30,255.25
2001-08-31,260.50
2001-09-03,261.50
2001-09-04,265.50
2001-09-05,261.00
2001-09-06,253.50
2001-09-07,251.75
2001-09-10,245.00
2001-09-11,230.00
2001-09-12,246.75
2001-09-13,251.00
2001-09-14,257.00
2001-09-17,252.50
2001-09-18,248.00
2001-09-19,250.00
2001-09-20,240.00
2001-09-21,238.25
2001-09-24,245.00
2001-09-25,249.00
2001-09-26,245.00
2001-09-27,251.00
2001-09-28,256.00
2001-10-01,256.50
2001-10-02,260.00
2001-10-03,260.00
2001-10-04,260.00
2001-10-05,256.00
2001-10-08,252.50
2001-10-09,248.00
2001-10-10,244.50
2001-10-11,248.00
2001-10-12,249.00
2001-10-15,243.00
2001-10-16,242.50
2001-10-17,244.00
2001-10-18,245.50
2001-10-19,243.25
2001-10-22,243.75
2001-10-23,244.00
2001-10-24,242.00
2001-10-25,240.00
2001-10-26,244.25
2001-10-29,241.00
2001-10-30,243.50
2001-10-31,242.50
2001-11-01,245.50
2001-11-02,246.50
2001-11-05,246.00
2001-11-06,246.00
2001-11-07,240.00
2001-11-08,245.00
2001-11-09,247.00
2001-11-12,243.00
2001-11-13,243.50
2001-11-14,240.25
2001-11-15,241.50
2001-11-16,240.25
2001-11-19,241.75
2001-11-20,240.75
2001-11-21,247.00
2001-11-22,243.00
2001-11-23,243.00
2001-11-26,244.50
2001-11-27,240.00
2001-11-28,239.00
2001-11-29,238.50
2001-11-30,240.50
2001-12-03,240.00
2001-12-04,240.00
2001-12-05,242.00
2001-12-06,238.50
2001-12-07,230.50
2001-12-10,230.50
2001-12-11,228.75
2001-12-12,229.00
2001-12-13,235.50
2001-12-14,232.50
2001-12-17,238.50
2001-12-18,236.75
2001-12-19,237.00
2001-12-20,240.50
2001-12-21,245.50
2001-12-24,247.50
2001-12-27,248.00
2001-12-28,247.50
2001-12-31,249.00
2002-01-02,249.00
2002-01-03,251.25
2002-01-04,251.00
2002-01-07,246.75
2002-01-08,243.00
2002-01-09,242.50
2002-01-10,239.25
2002-01-11,236.00
2002-01-14,237.00
2002-01-15,237.75
2002-01-16,233.00
2002-01-17,238.00
2002-01-18,231.50
2002-01-21,231.75
2002-01-22,232.00
2002-01-23,232.00
2002-01-24,234.50
2002-01-25,235.25
2002-01-28,238.50
2002-01-29,235.00
2002-01-30,233.75
2002-01-31,234.75
2002-02-01,241.50
2002-02-04,248.75
2002-02-05,247.75
2002-02-06,246.50
2002-02-07,248.50
2002-02-08,245.50
2002-02-11,253.00
2002-02-12,248.00
2002-02-13,250.00
2002-02-14,249.25
2002-02-15,251.25
2002-02-18,247.00
2002-02-19,242.25
2002-02-20,242.00
2002-02-21,246.00
2002-02-22,253.50
2002-02-25,250.50
2002-02-26,246.00
2002-02-27,247.50
2002-02-28,252.00
2002-03-01,249.75
2002-03-04,246.25
2002-03-05,249.00
2002-03-06,250.00
2002-03-07,241.00
2002-03-08,240.00
2002-03-11,239.00
2002-03-12,238.50
2002-03-13,239.25
2002-03-14,239.50
2002-03-15,243.00
2002-03-18,243.25
2002-03-19,241.25
2002-03-20,239.00
2002-03-21,240.25
2002-03-22,244.00
2002-03-25,244.00
2002-03-26,242.25
2002-03-27,239.00
2002-03-28,241.00
2002-04-02,246.25
2002-04-03,247.00
2002-04-04,247.75
2002-04-05,248.00
2002-04-08,249.25
2002-04-09,249.00
2002-04-10,255.00
2002-04-11,259.50
2002-04-12,263.50
2002-04-15,259.00
2002-04-16,260.00
2002-04-17,258.00
2002-04-18,260.50
2002-04-19,266.00
2002-04-22,266.25
2002-04-23,262.25
2002-04-24,263.00
2002-04-25,260.00
2002-04-26,262.75
2002-04-29,260.75
2002-04-30,263.00
2002-05-01,258.25
2002-05-02,258.75
2002-05-03,262.00
2002-05-07,260.50
2002-05-08,262.00
2002-05-09,263.50
2002-05-10,263.00
2002-05-13,262.00
2002-05-14,260.75
2002-05-15,260.25
2002-05-16,260.75
2002-05-17,261.50
2002-05-20,259.75
2002-05-21,258.25
2002-05-22,255.50
2002-05-23,258.75
2002-05-24,254.00
2002-05-27,249.50
2002-05-28,246.25
2002-05-29,250.00
2002-05-30,251.00
2002-05-31,258.00
2002-06-01,257.36
2002-06-05,252.50
2002-06-06,257.75
2002-06-07,258.50
2002-06-10,255.25
2002-06-11,256.50
2002-06-12,252.00
2002-06-13,254.50
2002-06-14,239.50
2002-06-17,248.75
2002-06-18,246.50
2002-06-19,245.00
2002-06-20,241.25
2002-06-21,239.00
2002-06-24,240.00
2002-06-25,241.25
2002-06-26,238.00
2002-06-27,238.50
2002-06-28,238.50
2002-07-01,243.50
2002-07-02,240.00
2002-07-03,234.25
2002-07-04,240.00
2002-07-05,246.50
2002-07-08,250.00
2002-07-09,240.25
2002-07-10,232.00
2002-07-11,223.00
2002-07-12,225.25
2002-07-15,213.50
2002-07-16,210.25
2002-07-17,215.00
2002-07-18,220.00
2002-07-19,216.50
2002-07-22,199.00
2002-07-23,197.50
2002-07-24,189.25
2002-07-25,210.00
2002-07-26,205.25
2002-07-29,215.50
2002-07-30,217.75
2002-07-31,218.75
2002-08-01,208.75
2002-08-02,216.00
2002-08-05,207.00
2002-08-06,211.75
2002-08-07,211.00
2002-08-08,215.75
2002-08-09,224.00
2002-08-12,220.00
2002-08-13,223.25
2002-08-14,219.75
2002-08-15,225.00
2002-08-16,225.00
2002-08-19,229.00
2002-08-20,223.00
2002-08-21,222.50
2002-08-22,222.00
2002-08-23,219.25
2002-08-27,217.00
2002-08-28,209.75
2002-08-29,208.25
2002-08-30,211.50
2002-09-02,211.00
2002-09-03,201.50
2002-09-04,204.75
2002-09-05,208.75
2002-09-06,213.25
2002-09-09,209.50
2002-09-10,217.00
2002-09-11,220.50
2002-09-12,213.50
2002-09-13,212.00
2002-09-16,216.00
2002-09-17,204.50
2002-09-18,203.50
2002-09-19,206.25
2002-09-20,216.25
2002-09-23,204.00
2002-09-24,195.50
2002-09-25,199.00
2002-09-26,204.00
2002-09-27,207.50
2002-09-30,205.75
2002-10-01,199.75
2002-10-02,205.50
2002-10-03,202.00
2002-10-04,203.50
2002-10-07,198.00
2002-10-08,193.50
2002-10-09,193.00
2002-10-10,194.25
2002-10-11,207.00
2002-10-14,199.00
2002-10-15,206.00
2002-10-16,204.25
2002-10-17,205.50
2002-10-18,199.75
2002-10-21,200.00
2002-10-22,202.25
2002-10-23,200.00
2002-10-24,207.00
2002-10-25,204.50
2002-10-28,205.25
2002-10-29,203.00
2002-10-30,197.25
2002-10-31,198.25
2002-11-01,197.00
2002-11-04,203.50
2002-11-05,204.50
2002-11-06,208.50
2002-11-07,204.75
2002-11-08,201.00
2002-11-11,203.50
2002-11-12,204.00
2002-11-13,198.25
2002-11-14,199.00
2002-11-15,200.50
2002-11-18,200.00
2002-11-19,200.50
2002-11-20,200.25
2002-11-21,201.75
2002-11-22,196.00
2002-11-25,194.50
2002-11-26,194.50
2002-11-27,200.50
2002-11-28,203.50
2002-11-29,203.00
2002-12-02,202.50
2002-12-03,198.50
2002-12-04,199.75
2002-12-05,197.25
2002-12-06,195.50
2002-12-09,193.50
2002-12-10,193.50
2002-12-11,198.00
2002-12-12,196.00
2002-12-13,193.25
2002-12-16,197.25
2002-12-17,190.75
2002-12-18,187.50
2002-12-19,188.00
2002-12-20,189.25
2002-12-23,190.50
2002-12-24,190.25
2002-12-27,187.00
2002-12-30,193.25
2002-12-31,194.00
2003-01-02,195.75
2003-01-03,192.50
2003-01-06,196.50
2003-01-07,198.75
2003-01-08,201.00
2003-01-09,192.75
2003-01-10,186.75
2003-01-13,183.00
2003-01-14,185.75
2003-01-15,182.00
2003-01-16,183.00
2003-01-17,183.50
2003-01-20,185.75
2003-01-21,187.00
2003-01-22,186.00
2003-01-23,181.00
2003-01-24,178.00
2003-01-27,168.50
2003-01-28,168.00
2003-01-29,163.75
2003-01-30,165.25
2003-01-31,165.50
2003-02-03,171.75
2003-02-04,168.25
2003-02-05,174.00
2003-02-06,174.00
2003-02-07,172.00
2003-02-10,169.50
2003-02-11,173.50
2003-02-12,170.50
2003-02-13,170.00
2003-02-14,168.50
2003-02-17,171.75
2003-02-18,168.75
2003-02-19,163.00
2003-02-20,166.00
2003-02-21,168.00
2003-02-24,164.00
2003-02-25,161.75
2003-02-26,159.50
2003-02-27,161.00
2003-02-28,162.00
2003-03-03,162.50
2003-03-04,159.00
2003-03-05,161.00
2003-03-06,160.50
2003-03-07,163.50
2003-03-10,160.50
2003-03-11,165.00
2003-03-12,163.00
2003-03-13,172.00
2003-03-14,173.50
2003-03-17,171.50
2003-03-18,177.50
2003-03-19,187.00
2003-03-20,185.25
2003-03-21,187.00
2003-03-24,182.00
2003-03-25,182.00
2003-03-26,187.25
2003-03-27,180.25
2003-03-28,182.25
2003-03-31,178.25
2003-04-01,176.00
2003-04-02,181.75
2003-04-03,184.25
2003-04-04,187.50
2003-04-07,189.25
2003-04-08,197.25
2003-04-09,199.50
2003-04-10,195.75
2003-04-11,198.75
2003-04-14,202.75
2003-04-15,203.25
2003-04-16,191.50
2003-04-17,193.50
2003-04-22,196.00
2003-04-23,198.75
2003-04-24,190.00
2003-04-25,194.00
2003-04-28,194.00
2003-04-29,196.00
2003-04-30,198.00
2003-05-01,194.00
2003-05-02,198.00
2003-05-06,203.25
2003-05-07,198.00
2003-05-08,195.25
2003-05-09,196.50
2003-05-12,199.25
2003-05-13,196.75
2003-05-14,199.25
2003-05-15,203.50
2003-05-16,212.00
2003-05-19,206.50
2003-05-20,211.00
2003-05-21,202.25
2003-05-22,204.50
2003-05-23,201.75
2003-05-27,203.75
2003-05-28,208.50
2003-05-29,207.75
2003-05-30,204.25
2003-06-02,209.25
2003-06-03,215.50
2003-06-04,216.25
2003-06-05,215.00
2003-06-06,214.00
2003-06-09,212.00
2003-06-10,211.25
2003-06-11,212.00
2003-06-12,205.00
2003-06-13,211.50
2003-06-16,210.50
2003-06-17,217.00
2003-06-18,213.00
2003-06-19,208.00
2003-06-20,210.00
2003-06-23,209.00
2003-06-24,211.50
2003-06-25,215.00
2003-06-26,217.25
2003-06-27,219.00
2003-06-30,219.25
2003-07-01,215.75
2003-07-02,215.00
2003-07-03,215.75
2003-07-04,216.50
2003-07-07,215.00
2003-07-08,214.00
2003-07-09,210.00
2003-07-10,210.00
2003-07-11,214.75
2003-07-14,220.00
2003-07-15,216.50
2003-07-16,212.50
2003-07-17,213.00
2003-07-18,217.00
2003-07-21,216.00
2003-07-22,217.50
2003-07-23,216.50
2003-07-24,226.75
2003-07-25,218.00
2003-07-28,219.25
2003-07-29,217.00
2003-07-30,217.00
2003-07-31,215.25
2003-08-01,211.25
2003-08-04,213.75
2003-08-05,216.00
2003-08-06,216.25
2003-08-07,219.00
2003-08-08,223.00
2003-08-11,220.50
2003-08-12,220.50
2003-08-13,219.75
2003-08-14,220.50
2003-08-15,218.00
2003-08-18,218.00
2003-08-19,218.00
2003-08-20,215.50
2003-08-21,216.00
2003-08-22,215.75
2003-08-26,214.00
2003-08-27,213.00
2003-08-28,213.00
2003-08-29,216.00
2003-09-01,219.00
2003-09-02,222.25
2003-09-03,221.50
2003-09-04,223.00
2003-09-05,223.75
2003-09-08,225.50
2003-09-09,224.00
2003-09-10,224.50
2003-09-11,224.50
2003-09-12,224.50
2003-09-15,228.50
2003-09-16,242.50
2003-09-17,241.00
2003-09-18,244.00
2003-09-19,242.50
2003-09-22,240.50
2003-09-23,243.25
2003-09-24,241.25
2003-09-25,235.00
2003-09-26,241.00
2003-09-29,239.50
2003-09-30,241.00
2003-10-01,238.00
2003-10-02,240.00
2003-10-03,242.50
2003-10-06,241.00
2003-10-07,244.50
2003-10-08,241.50
2003-10-09,242.75
2003-10-10,238.50
2003-10-13,238.75
2003-10-14,237.75
2003-10-15,235.50
2003-10-16,234.75
2003-10-17,239.25
2003-10-20,239.75
2003-10-21,237.75
2003-10-22,234.75
2003-10-23,234.75
2003-10-24,235.00
2003-10-27,237.25
2003-10-28,236.50
2003-10-29,237.25
2003-10-30,239.75
2003-10-31,236.25
2003-11-03,237.00
2003-11-04,238.50
2003-11-05,238.00
2003-11-06,238.50
2003-11-07,240.25
2003-11-10,239.25
2003-11-11,239.00
2003-11-12,246.25
2003-11-13,243.00
2003-11-14,246.50
2003-11-17,244.50
2003-11-18,243.25
2003-11-19,240.25
2003-11-20,240.50
2003-11-21,238.25
2003-11-24,244.75
2003-11-25,252.75
2003-11-26,248.50
2003-11-27,247.75
2003-11-28,248.75
2003-12-01,250.00
2003-12-02,246.50
2003-12-03,250.00
2003-12-04,249.50
2003-12-05,246.00
2003-12-08,244.25
2003-12-09,244.25
2003-12-10,242.75
2003-12-11,243.00
2003-12-12,245.25
2003-12-15,244.00
2003-12-16,243.75
2003-12-17,245.25
2003-12-18,246.25
2003-12-19,247.00
2003-12-22,245.00
2003-12-23,249.50
2003-12-24,249.25
2003-12-29,252.00
2003-12-30,254.00
2003-12-31,257.75
2004-01-02,256.50
2004-01-05,253.50
2004-01-06,260.75
2004-01-07,262.00
2004-01-08,260.00
2004-01-09,259.50
2004-01-12,258.25
2004-01-13,247.75
2004-01-14,247.00
2004-01-15,242.00
2004-01-16,248.00
2004-01-19,248.25
2004-01-20,245.25
2004-01-21,248.25
2004-01-22,245.50
2004-01-23,240.75
2004-01-26,242.50
2004-01-27,240.75
2004-01-28,240.00
2004-01-29,237.00
2004-01-30,238.50
2004-02-02,240.75
2004-02-03,243.50
2004-02-04,244.25
2004-02-05,239.50
2004-02-06,241.75
2004-02-09,242.50
2004-02-10,239.25
2004-02-11,240.50
2004-02-12,244.25
2004-02-13,248.75
2004-02-16,249.00
2004-02-17,251.25
2004-02-18,252.00
2004-02-19,254.25
2004-02-20,254.25
2004-02-23,251.75
2004-02-24,252.50
2004-02-25,253.25
2004-02-26,253.75
2004-02-27,257.50
2004-03-01,257.25
2004-03-02,255.50
2004-03-03,255.00
2004-03-04,253.75
2004-03-05,251.75
2004-03-08,255.75
2004-03-09,255.25
2004-03-10,261.00
2004-03-11,254.25
2004-03-12,254.75
2004-03-15,252.00
2004-03-16,255.00
2004-03-17,254.00
2004-03-18,253.25
2004-03-19,258.00
2004-03-22,251.50
2004-03-23,248.25
2004-03-24,245.50
2004-03-25,253.50
2004-03-26,248.75
2004-03-29,249.00
2004-03-30,247.00
2004-03-31,245.75
2004-04-01,247.25
2004-04-02,247.50
2004-04-05,247.50
2004-04-06,250.00
2004-04-07,241.00
2004-04-08,251.00
2004-04-13,253.50
2004-04-14,250.25
2004-04-15,251.50
2004-04-16,251.75
2004-04-19,260.00
2004-04-20,256.50
2004-04-21,251.50
2004-04-22,253.75
2004-04-23,256.00
2004-04-26,255.00
2004-04-27,256.00
2004-04-28,252.50
2004-04-29,251.25
2004-04-30,248.75
2004-05-04,251.75
2004-05-05,255.50
2004-05-06,252.00
2004-05-07,248.50
2004-05-10,247.25
2004-05-11,248.25
2004-05-12,245.50
2004-05-13,246.75
2004-05-14,245.50
2004-05-17,247.50
2004-05-18,248.75
2004-05-19,250.25
2004-05-20,248.00
2004-05-21,248.00
2004-05-24,248.25
2004-05-25,249.00
2004-05-26,250.00
2004-05-27,252.25
2004-05-28,249.00
2004-06-01,250.00
2004-06-02,254.00
2004-06-03,255.25
2004-06-04,257.50
2004-06-07,257.75
2004-06-08,258.25
2004-06-09,258.00
2004-06-10,258.75
2004-06-11,258.75
2004-06-14,257.25
2004-06-15,259.25
2004-06-16,260.50
2004-06-17,263.00
2004-06-18,268.25
2004-06-21,268.75
2004-06-22,267.00
2004-06-23,269.25
2004-06-24,268.75
2004-06-25,269.75
2004-06-28,267.50
2004-06-29,268.50
2004-06-30,266.25
2004-07-01,262.50
2004-07-02,258.50
2004-07-05,260.00
2004-07-06,258.75
2004-07-07,257.00
2004-07-08,258.75
2004-07-09,257.75
2004-07-12,257.00
2004-07-13,257.75
2004-07-14,259.00
2004-07-15,257.00
2004-07-16,258.50
2004-07-19,257.25
2004-07-20,256.25
2004-07-21,256.25
2004-07-22,254.75
2004-07-23,251.00
2004-07-26,251.50
2004-07-27,253.75
2004-07-28,252.50
2004-07-29,258.50
2004-07-30,254.50
2004-08-02,255.00
2004-08-03,256.25
2004-08-04,259.50
2004-08-05,261.50
2004-08-06,257.50
2004-08-09,254.25
2004-08-10,258.00
2004-08-11,256.50
2004-08-12,257.75
2004-08-13,258.50
2004-08-16,261.75
2004-08-17,263.00
2004-08-18,261.25
2004-08-19,264.00
2004-08-20,263.75
2004-08-23,266.00
2004-08-24,265.00
2004-08-25,266.50
2004-08-26,267.00
2004-08-27,268.50
2004-08-31,266.00
2004-09-01,263.50
2004-09-02,265.50
2004-09-03,268.75
2004-09-06,270.50
2004-09-07,268.50
2004-09-08,267.00
2004-09-09,269.25
2004-09-10,271.00
2004-09-13,269.00
2004-09-14,269.75
2004-09-15,270.50
2004-09-16,272.75
2004-09-17,275.75
2004-09-20,275.25
2004-09-21,285.00
2004-09-22,283.50
2004-09-23,285.00
2004-09-24,286.00
2004-09-27,289.50
2004-09-28,289.00
2004-09-29,288.75
2004-09-30,285.25
2004-10-01,289.00
2004-10-04,290.75
2004-10-05,290.50
2004-10-06,290.25
2004-10-07,286.50
2004-10-08,289.00
2004-10-11,287.25
2004-10-12,287.00
2004-10-13,289.50
2004-10-14,290.50
2004-10-15,289.00
2004-10-18,286.00
2004-10-19,289.50
2004-10-20,289.00
2004-10-21,287.00
2004-10-22,284.00
2004-10-25,280.50
2004-10-26,285.50
2004-10-27,290.50
2004-10-28,289.50
2004-10-29,287.00
2004-11-01,290.25
2004-11-02,288.75
2004-11-03,291.50
2004-11-04,289.00
2004-11-05,290.75
2004-11-08,291.75
2004-11-09,293.25
2004-11-10,295.00
2004-11-11,297.25
2004-11-12,299.75
2004-11-15,301.00
2004-11-16,300.50
2004-11-17,299.50
2004-11-18,300.25
2004-11-19,296.75
2004-11-22,295.50
2004-11-23,296.00
2004-11-24,298.00
2004-11-25,308.75
2004-11-26,305.50
2004-11-29,302.75
2004-11-30,301.50
2004-12-01,304.50
2004-12-02,310.00
2004-12-03,310.25
2004-12-06,309.75
2004-12-07,308.75
2004-12-08,308.50
2004-12-09,310.00
2004-12-10,307.50
2004-12-13,308.50
2004-12-14,310.50
2004-12-15,311.50
2004-12-16,314.25
2004-12-17,314.50
2004-12-20,318.00
2004-12-21,314.75
2004-12-22,320.25
2004-12-23,317.00
2004-12-24,319.50
2004-12-29,319.50
2004-12-30,321.75
2004-12-31,321.75
2005-01-04,318.00
2005-01-05,315.00
2005-01-06,318.75
2005-01-07,319.75
2005-01-10,320.25
2005-01-11,321.25
2005-01-12,315.25
2005-01-13,314.25
2005-01-14,316.75
2005-01-17,323.25
2005-01-18,313.75
2005-01-19,312.50
2005-01-20,313.50
2005-01-21,312.25
2005-01-24,311.25
2005-01-25,307.75
2005-01-26,306.00
2005-01-27,308.00
2005-01-28,307.00
2005-01-31,308.25
2005-02-01,309.00
2005-02-02,311.75
2005-02-03,316.25
2005-02-04,311.25
2005-02-07,312.25
2005-02-08,314.75
2005-02-09,312.50
2005-02-10,313.25
2005-02-11,315.50
2005-02-14,313.75
2005-02-15,312.75
2005-02-16,315.00
2005-02-17,311.50
2005-02-18,310.50
2005-02-21,304.75
2005-02-22,304.75
2005-02-23,303.25
2005-02-24,307.00
2005-02-25,308.50
2005-02-28,305.25
2005-03-01,305.50
2005-03-02,308.50
2005-03-03,306.25
2005-03-04,308.00
2005-03-07,305.25
2005-03-08,305.00
2005-03-09,308.75
2005-03-10,314.50
2005-03-11,315.25
2005-03-14,314.00
2005-03-15,313.00
2005-03-16,312.75
2005-03-17,313.00
2005-03-18,316.50
2005-03-21,315.50
2005-03-22,318.00
2005-03-23,318.75
2005-03-24,316.75
2005-03-29,319.00
2005-03-30,321.00
2005-03-31,316.50
2005-04-01,317.25
2005-04-04,315.00
2005-04-05,314.00
2005-04-06,315.50
2005-04-07,316.25
2005-04-08,317.00
2005-04-11,318.75
2005-04-12,318.50
2005-04-13,325.50
2005-04-14,325.00
2005-04-15,323.25
2005-04-18,321.00
2005-04-19,323.25
2005-04-20,314.25
2005-04-21,312.75
2005-04-22,313.00
2005-04-25,313.25
2005-04-26,310.00
2005-04-27,306.00
2005-04-28,307.00
2005-04-29,308.00
2005-05-03,312.75
2005-05-04,313.00
2005-05-05,313.00
2005-05-06,315.00
2005-05-09,311.50
2005-05-10,309.00
2005-05-11,311.50
2005-05-12,307.75
2005-05-13,309.00
2005-05-16,309.00
2005-05-17,309.75
2005-05-18,313.50
2005-05-19,313.75
2005-05-20,311.75
2005-05-23,311.50
2005-05-24,312.00
2005-05-25,311.50
2005-05-26,314.50
2005-05-27,316.75
2005-05-31,313.00
2005-06-01,314.50
2005-06-02,313.75
2005-06-03,315.00
2005-06-06,313.50
2005-06-07,315.25
2005-06-08,315.25
2005-06-09,315.00
2005-06-10,316.00
2005-06-13,317.00
2005-06-14,312.50
2005-06-15,311.75
2005-06-16,312.75
2005-06-17,314.50
2005-06-20,313.75
2005-06-21,317.00
2005-06-22,320.50
2005-06-23,318.00
2005-06-24,316.00
2005-06-27,316.25
2005-06-28,319.00
2005-06-29,321.75
2005-06-30,318.75
2005-07-01,320.25
2005-07-04,317.75
2005-07-05,315.75
2005-07-06,316.00
2005-07-07,309.50
2005-07-08,312.75
2005-07-11,315.25
2005-07-12,317.25
2005-07-13,320.75
2005-07-14,320.75
2005-07-15,320.00
2005-07-18,319.00
2005-07-19,314.25
2005-07-20,314.25
2005-07-21,316.25
2005-07-22,318.00
2005-07-25,318.00
2005-07-26,315.00
2005-07-27,315.00
2005-07-28,321.75
2005-07-29,325.50
2005-08-01,328.00
2005-08-02,329.50
2005-08-03,335.75
2005-08-04,335.50
2005-08-05,332.00
2005-08-08,334.00
2005-08-09,329.75
2005-08-10,330.00
2005-08-11,330.00
2005-08-12,331.00
2005-08-15,327.75
2005-08-16,327.75
2005-08-17,326.25
2005-08-18,327.00
2005-08-19,328.75
2005-08-22,326.50
2005-08-23,324.25
2005-08-24,325.75
2005-08-25,331.50
2005-08-26,326.75
2005-08-30,325.00
2005-08-31,326.25
2005-09-01,327.00
2005-09-02,328.00
2005-09-05,329.25
2005-09-06,333.50
2005-09-07,332.00
2005-09-08,331.50
2005-09-09,329.25
2005-09-12,332.00
2005-09-13,330.00
2005-09-14,328.75
2005-09-15,324.50
2005-09-16,325.25
2005-09-19,326.50
2005-09-20,313.50
2005-09-21,311.50
2005-09-22,315.50
2005-09-23,315.50
2005-09-26,317.75
2005-09-27,313.75
2005-09-28,312.50
2005-09-29,307.00
2005-09-30,309.50
2005-10-03,312.50
2005-10-04,313.75
2005-10-05,309.50
2005-10-06,305.75
2005-10-07,306.00
2005-10-10,302.50
2005-10-11,302.75
2005-10-12,304.00
2005-10-13,303.25
2005-10-14,309.50
2005-10-17,305.75
2005-10-18,305.75
2005-10-19,302.00
2005-10-20,302.75
2005-10-21,297.50
2005-10-24,298.50
2005-10-25,294.75
2005-10-26,297.25
2005-10-27,295.00
2005-10-28,298.00
2005-10-31,300.75
2005-11-01,299.25
2005-11-02,301.00
2005-11-03,310.25
2005-11-04,311.75
2005-11-07,313.75
2005-11-08,314.25
2005-11-09,308.00
2005-11-10,308.50
2005-11-11,309.50
2005-11-14,308.25
2005-11-15,309.75
2005-11-16,312.25
2005-11-17,307.00
2005-11-18,308.50
2005-11-21,307.75
2005-11-22,310.00
2005-11-23,312.50
2005-11-24,312.75
2005-11-25,310.00
2005-11-28,306.00
2005-11-29,306.75
2005-11-30,303.00
2005-12-01,308.00
2005-12-02,307.75
2005-12-05,303.50
2005-12-06,309.50
2005-12-07,311.50
2005-12-08,319.00
2005-12-09,327.50
2005-12-12,329.00
2005-12-13,327.50
2005-12-14,328.50
2005-12-15,326.00
2005-12-16,326.75
2005-12-19,325.25
2005-12-20,329.00
2005-12-21,331.25
2005-12-22,329.50
2005-12-23,326.75
2005-12-28,329.50
2005-12-29,330.00
2005-12-30,331.50
2006-01-03,325.25
2006-01-04,327.75
2006-01-05,324.75
2006-01-06,321.75
2006-01-09,319.25
2006-01-10,319.75
2006-01-11,323.25
2006-01-12,320.75
2006-01-13,318.50
2006-01-16,318.00
2006-01-17,312.25
2006-01-18,315.00
2006-01-19,313.25
2006-01-20,316.00
2006-01-23,312.75
2006-01-24,309.00
2006-01-25,311.50
2006-01-26,318.75
2006-01-27,321.00
2006-01-30,315.25
2006-01-31,318.00
2006-02-01,315.00
2006-02-02,320.50
2006-02-03,325.00
2006-02-06,325.50
2006-02-07,329.50
2006-02-08,327.00
2006-02-09,320.50
2006-02-10,318.00
2006-02-13,321.25
2006-02-14,325.25
2006-02-15,325.25
2006-02-16,326.75
2006-02-17,325.50
2006-02-20,324.25
2006-02-21,324.50
2006-02-22,324.50
2006-02-23,325.50
2006-02-24,335.50
2006-02-27,342.50
2006-02-28,338.00
2006-03-01,340.50
2006-03-02,336.50
2006-03-03,342.00
2006-03-06,340.00
2006-03-07,336.75
2006-03-08,332.00
2006-03-09,329.00
2006-03-10,336.00
2006-03-13,334.75
2006-03-14,332.00
2006-03-15,329.00
2006-03-16,330.00
2006-03-17,330.75
2006-03-20,330.75
2006-03-21,333.25
2006-03-22,338.00
2006-03-23,334.75
2006-03-24,346.00
2006-03-27,340.25
2006-03-28,339.50
2006-03-29,335.00
2006-03-30,333.50
2006-03-31,330.00
2006-04-03,330.00
2006-04-04,327.25
2006-04-05,329.75
2006-04-06,326.75
2006-04-07,324.25
2006-04-10,329.00
2006-04-11,327.00
2006-04-12,327.00
2006-04-13,329.75
2006-04-18,326.75
2006-04-19,330.00
2006-04-20,329.00
2006-04-21,329.00
2006-04-24,326.75
2006-04-25,323.25
2006-04-26,323.00
2006-04-27,322.25
2006-04-28,319.50
2006-05-02,321.50
2006-05-03,318.75
2006-05-04,317.50
2006-05-05,319.50
2006-05-08,316.25
2006-05-09,318.75
2006-05-10,321.00
2006-05-11,322.50
2006-05-12,319.50
2006-05-15,316.50
2006-05-16,319.75
2006-05-17,318.50
2006-05-18,318.75
2006-05-19,321.00
2006-05-22,316.50
2006-05-23,319.25
2006-05-24,317.00
2006-05-25,318.75
2006-05-26,323.00
2006-05-30,320.25
2006-05-31,320.50
2006-06-01,321.50
2006-06-02,320.50
2006-06-05,320.75
2006-06-06,320.00
2006-06-07,324.00
2006-06-08,327.50
2006-06-09,334.00
2006-06-12,333.75
2006-06-13,329.75
2006-06-14,327.25
2006-06-15,331.00
2006-06-16,332.00
2006-06-19,331.50
2006-06-20,328.00
2006-06-21,329.50
2006-06-22,327.00
2006-06-23,327.50
2006-06-26,330.00
2006-06-27,331.00
2006-06-28,328.50
2006-06-29,330.50
2006-06-30,334.00
2006-07-03,340.00
2006-07-04,340.25
2006-07-05,339.00
2006-07-06,347.25
2006-07-07,343.50
2006-07-10,348.00
2006-07-11,342.75
2006-07-12,342.00
2006-07-13,345.00
2006-07-14,347.00
2006-07-17,347.50
2006-07-18,345.25
2006-07-19,346.50
2006-07-20,351.00
2006-07-21,355.75
2006-07-24,360.25
2006-07-25,357.50
2006-07-26,363.50
2006-07-27,363.75
2006-07-28,364.50
2006-07-31,359.50
2006-08-01,356.50
2006-08-02,363.00
2006-08-03,360.50
2006-08-04,364.25
2006-08-07,362.00
2006-08-08,364.00
2006-08-09,361.00
2006-08-10,365.00
2006-08-11,373.25
2006-08-14,370.75
2006-08-15,377.50
2006-08-16,374.50
2006-08-17,375.00
2006-08-18,372.00
2006-08-21,372.50
2006-08-22,370.00
2006-08-23,367.25
2006-08-24,368.00
2006-08-25,368.00
2006-08-29,371.00
2006-08-30,376.00
2006-08-31,377.25
2006-09-01,380.00
2006-09-04,380.00
2006-09-05,375.00
2006-09-06,371.00
2006-09-07,370.50
2006-09-08,369.00
2006-09-11,369.75
2006-09-12,371.75
2006-09-13,368.50
2006-09-14,367.75
2006-09-15,375.75
2006-09-18,376.75
2006-09-19,371.25
2006-09-20,372.25
2006-09-21,376.75
2006-09-22,370.00
2006-09-25,367.00
2006-09-26,367.00
2006-09-27,365.75
2006-09-28,366.50
2006-09-29,360.00
2006-10-02,365.50
2006-10-03,373.25
2006-10-04,384.75
2006-10-05,382.50
2006-10-06,380.00
2006-10-09,384.00
2006-10-10,385.50
2006-10-11,386.00
2006-10-12,382.50
2006-10-13,381.00
2006-10-16,381.00
2006-10-17,384.00
2006-10-18,390.00
2006-10-19,387.25
2006-10-20,390.75
2006-10-23,388.75
2006-10-24,391.50
2006-10-25,396.25
2006-10-26,400.50
2006-10-27,401.00
2006-10-30,393.50
2006-10-31,393.50
2006-11-01,397.50
2006-11-02,403.50
2006-11-03,405.00
2006-11-06,403.50
2006-11-07,403.00
2006-11-08,401.00
2006-11-09,394.75
2006-11-10,397.25
2006-11-13,395.25
2006-11-14,393.75
2006-11-15,399.00
2006-11-16,397.25
2006-11-17,400.25
2006-11-20,397.75
2006-11-21,397.75
2006-11-22,396.50
2006-11-23,398.75
2006-11-24,398.00
2006-11-27,394.75
2006-11-28,390.25
2006-11-29,392.50
2006-11-30,391.25
2006-12-01,392.75
2006-12-04,397.50
2006-12-05,393.50
2006-12-06,391.00
2006-12-07,384.50
2006-12-08,387.00
2006-12-11,385.75
2006-12-12,389.50
2006-12-13,391.25
2006-12-14,394.50
2006-12-15,399.25
2006-12-18,405.00
2006-12-19,403.00
2006-12-20,401.50
2006-12-21,401.00
2006-12-22,402.75
2006-12-27,409.75
2006-12-28,406.50
2006-12-29,404.50
2007-01-02,410.25
2007-01-03,411.25
2007-01-04,416.75
2007-01-05,421.75
2007-01-08,424.50
2007-01-09,421.00
2007-01-10,418.50
2007-01-11,418.50
2007-01-12,418.50
2007-01-15,419.75
2007-01-16,415.50
2007-01-17,415.00
2007-01-18,414.00
2007-01-19,414.00
2007-01-22,413.75
2007-01-23,415.25
2007-01-24,416.00
2007-01-25,412.50
2007-01-26,410.25
2007-01-29,413.75
2007-01-30,418.50
2007-01-31,418.00
2007-02-01,419.50
2007-02-02,435.00
2007-02-05,433.75
2007-02-06,438.25
2007-02-07,435.00
2007-02-08,429.50
2007-02-09,433.00
2007-02-12,434.75
2007-02-13,436.50
2007-02-14,437.00
2007-02-15,442.75
2007-02-16,445.00
2007-02-19,446.75
2007-02-20,445.75
2007-02-21,440.75
2007-02-22,445.75
2007-02-23,446.00
2007-02-26,448.00
2007-02-27,442.25
2007-02-28,432.00
2007-03-01,423.00
2007-03-02,431.75
2007-03-05,425.25
2007-03-06,430.75
2007-03-07,435.50
2007-03-08,434.25
2007-03-09,441.50
2007-03-12,431.25
2007-03-13,425.00
2007-03-14,417.25
2007-03-15,427.00
2007-03-16,431.75
2007-03-19,435.75
2007-03-20,435.75
2007-03-21,442.75
2007-03-22,440.75
2007-03-23,439.25
2007-03-26,438.50
2007-03-27,442.50
2007-03-28,440.25
2007-03-29,445.00
2007-03-30,444.25
2007-04-02,449.00
2007-04-03,451.50
2007-04-04,457.00
2007-04-05,458.25
2007-04-10,455.50
2007-04-11,456.00
2007-04-12,454.25
2007-04-13,456.25
2007-04-16,455.75
2007-04-17,461.75
2007-04-18,457.75
2007-04-19,463.50
2007-04-20,463.50
2007-04-23,466.50
2007-04-24,465.75
2007-04-25,460.00
2007-04-26,467.50
2007-04-27,461.75
2007-04-30,462.50
2007-05-01,457.00
2007-05-02,461.25
2007-05-03,463.75
2007-05-04,473.75
2007-05-08,467.25
2007-05-09,466.00
2007-05-10,472.00
2007-05-11,471.50
2007-05-14,472.25
2007-05-15,470.50
2007-05-16,468.00
2007-05-17,466.50
2007-05-18,468.00
2007-05-21,463.50
2007-05-22,461.25
2007-05-23,456.75
2007-05-24,455.50
2007-05-25,453.50
2007-05-29,459.25
2007-05-30,461.25
2007-05-31,458.75
2007-06-01,462.25
2007-06-04,458.00
2007-06-05,450.00
2007-06-06,440.00
2007-06-07,435.25
2007-06-08,438.25
2007-06-11,446.50
2007-06-12,445.25
2007-06-13,446.00
2007-06-14,452.75
2007-06-15,460.25
2007-06-18,456.75
2007-06-19,434.50
2007-06-20,428.00
2007-06-21,422.00
2007-06-22,430.75
2007-06-25,435.50
2007-06-26,426.25
2007-06-27,422.75
2007-06-28,421.50
2007-06-29,418.50
2007-07-02,414.00
2007-07-03,418.75
2007-07-04,417.25
2007-07-05,416.50
2007-07-06,414.25
2007-07-09,415.00
2007-07-10,414.00
2007-07-11,422.75
2007-07-12,429.50
2007-07-13,432.00
2007-07-16,428.00
2007-07-17,426.00
2007-07-18,420.50
2007-07-19,422.50
2007-07-20,417.25
2007-07-23,417.25
2007-07-24,415.50
2007-07-25,409.75
2007-07-26,405.50
2007-07-27,405.00
2007-07-30,402.75
2007-07-31,407.75
2007-08-01,403.75
2007-08-02,409.25
2007-08-03,406.25
2007-08-06,409.25
2007-08-07,419.75
2007-08-08,431.25
2007-08-09,424.75
2007-08-10,414.00
2007-08-13,427.75
2007-08-14,425.25
2007-08-15,422.00
2007-08-16,404.00
2007-08-17,403.50
2007-08-20,400.75
2007-08-21,396.25
2007-08-22,405.00
2007-08-23,416.00
2007-08-24,420.00
2007-08-28,413.50
2007-08-29,412.00
2007-08-30,422.75
2007-08-31,425.00
2007-09-03,426.75
2007-09-04,437.00
2007-09-05,428.25
2007-09-06,431.50
2007-09-07,427.75
2007-09-10,415.25
2007-09-11,433.50
2007-09-12,437.00
2007-09-13,445.00
2007-09-14,435.50
2007-09-17,419.25
2007-09-18,429.75
2007-09-19,436.00
2007-09-20,434.50
2007-09-21,442.25
2007-09-24,447.25
2007-09-25,438.00
2007-09-26,436.50
2007-09-27,438.75
2007-09-28,439.25
2007-10-01,435.50
2007-10-02,463.00
2007-10-03,463.50
2007-10-04,463.00
2007-10-05,468.00
2007-10-08,462.50
2007-10-09,465.50
2007-10-10,464.00
2007-10-11,469.75
2007-10-12,475.00
2007-10-15,469.25
2007-10-16,466.25
2007-10-17,475.00
2007-10-18,473.25
2007-10-19,464.00
2007-10-22,464.00
2007-10-23,453.75
2007-10-24,456.00
2007-10-25,463.50
2007-10-26,464.75
2007-10-29,470.50
2007-10-30,471.75
2007-10-31,488.00
2007-11-01,491.00
2007-11-02,487.00
2007-11-05,479.75
2007-11-06,476.50
2007-11-07,468.50
2007-11-08,470.25
2007-11-09,464.75
2007-11-12,470.00
2007-11-13,482.00
2007-11-14,492.00
2007-11-15,481.50
2007-11-16,484.50
2007-11-19,469.25
2007-11-20,478.75
2007-11-21,463.00
2007-11-22,472.50
2007-11-23,473.00
2007-11-26,465.00
2007-11-27,461.25
2007-11-28,482.75
2007-11-29,479.75
2007-11-30,479.00
2007-12-03,487.75
2007-12-04,484.25
2007-12-05,480.00
2007-12-06,479.50
2007-12-07,477.25
2007-12-10,476.75
2007-12-11,477.25
2007-12-12,478.00
2007-12-13,465.00
2007-12-14,464.75
2007-12-17,464.25
2007-12-18,464.00
2007-12-19,461.00
2007-12-20,471.00
2007-12-21,475.25
2007-12-24,478.00
2007-12-27,481.00
2007-12-28,475.75
2007-12-31,477.25
2008-01-02,471.75
2008-01-03,468.00
2008-01-04,456.00
2008-01-07,445.50
2008-01-08,442.00
2008-01-09,418.75
2008-01-10,416.25
2008-01-11,426.00
2008-01-14,420.00
2008-01-15,407.00
2008-01-16,417.75
2008-01-17,423.00
2008-01-18,424.75
2008-01-21,410.50
2008-01-22,426.50
2008-01-23,412.25
2008-01-24,430.00
2008-01-25,420.75
2008-01-28,415.00
2008-01-29,421.25
2008-01-30,410.75
2008-01-31,417.00
2008-02-01,416.75
2008-02-04,408.75
2008-02-05,396.50
2008-02-06,399.25
2008-02-07,386.75
2008-02-08,389.00
2008-02-11,387.50
2008-02-12,406.00
2008-02-13,400.00
2008-02-14,403.25
2008-02-15,400.50
2008-02-18,408.00
2008-02-19,415.00
2008-02-20,408.75
2008-02-21,407.25
2008-02-22,400.25
2008-02-25,403.50
2008-02-26,409.25
2008-02-27,406.75
2008-02-28,401.00
2008-02-29,400.50
2008-03-03,393.00
2008-03-04,388.25
2008-03-05,391.75
2008-03-06,403.00
2008-03-07,405.75
2008-03-10,410.50
2008-03-11,403.00
2008-03-12,400.00
2008-03-13,393.75
2008-03-14,380.25
2008-03-17,364.25
2008-03-18,373.50
2008-03-19,375.75
2008-03-20,389.50
2008-03-25,394.50
2008-03-26,391.25
2008-03-27,392.75
2008-03-28,390.25
2008-03-31,379.00
2008-04-01,405.25
2008-04-02,407.75
2008-04-03,403.75
2008-04-04,404.75
2008-04-07,409.50
2008-04-08,401.00
2008-04-09,400.25
2008-04-10,391.75
2008-04-11,387.75
2008-04-14,391.00
2008-04-15,419.50
2008-04-16,418.25
2008-04-17,405.00
2008-04-18,410.25
2008-04-21,417.00
2008-04-22,411.50
2008-04-23,410.50
2008-04-24,414.00
2008-04-25,426.50
2008-04-28,420.00
2008-04-29,417.75
2008-04-30,429.00
2008-05-01,427.00
2008-05-02,436.00
2008-05-06,430.50
2008-05-07,427.00
2008-05-08,430.00
2008-05-09,427.00
2008-05-12,431.50
2008-05-13,437.00
2008-05-14,429.50
2008-05-15,430.25
2008-05-16,434.50
2008-05-19,430.80
2008-05-20,423.00
2008-05-21,415.50
2008-05-22,422.00
2008-05-23,414.00
2008-05-27,414.00
2008-05-28,419.30
2008-05-29,411.80
2008-05-30,414.10
2008-06-02,409.00
2008-06-03,412.00
2008-06-04,411.50
2008-06-05,417.50
2008-06-06,409.60
2008-06-09,401.90
2008-06-10,391.80
2008-06-11,386.10
2008-06-12,387.70
2008-06-13,390.00
2008-06-16,386.70
2008-06-17,393.00
2008-06-18,381.30
2008-06-19,384.50
2008-06-20,374.50
2008-06-23,378.00
2008-06-24,365.10
2008-06-25,381.00
2008-06-26,364.70
2008-06-27,360.50
2008-06-30,369.30
2008-07-01,363.00
2008-07-02,343.70
2008-07-03,341.50
2008-07-04,359.20
2008-07-07,361.40
2008-07-08,368.90
2008-07-09,378.80
2008-07-10,371.00
2008-07-11,355.30
2008-07-14,354.60
2008-07-15,364.70
2008-07-16,375.70
2008-07-17,388.80
2008-07-18,375.80
2008-07-21,376.30
2008-07-22,381.40
2008-07-23,383.30
2008-07-24,376.50
2008-07-25,377.30
2008-07-28,375.50
2008-07-29,373.40
2008-07-30,373.30
2008-07-31,360.40
2008-08-01,361.20
2008-08-04,367.30
2008-08-05,387.40
2008-08-06,387.90
2008-08-07,377.90
2008-08-08,384.90
2008-08-11,394.10
2008-08-12,396.80
2008-08-13,376.90
2008-08-14,386.40
2008-08-15,388.10
2008-08-18,383.30
2008-08-19,378.20
2008-08-20,370.50
2008-08-21,371.40
2008-08-22,384.60
2008-08-26,385.00
2008-08-27,379.50
2008-08-28,383.50
2008-08-29,381.50
2008-09-01,388.80
2008-09-02,396.50
2008-09-03,388.00
2008-09-04,377.10
2008-09-05,369.20
2008-09-08,384.00
2008-09-09,383.50
2008-09-10,381.80
2008-09-11,374.40
2008-09-12,374.30
2008-09-15,367.60
2008-09-16,358.60
2008-09-17,372.80
2008-09-18,387.40
2008-09-19,394.30
2008-09-22,388.90
2008-09-23,383.10
2008-09-24,382.30
2008-09-25,373.00
2008-09-26,370.90
2008-09-29,369.90
2008-09-30,387.60
2008-10-01,394.50
2008-10-02,393.30
2008-10-03,415.70
2008-10-06,403.80
2008-10-07,396.80
2008-10-08,381.10
2008-10-09,366.60
2008-10-10,332.70
2008-10-13,356.40
2008-10-14,357.90
2008-10-15,335.00
2008-10-16,317.90
2008-10-17,338.50
2008-10-20,337.00
2008-10-21,337.80
2008-10-22,321.70
2008-10-23,326.60
2008-10-24,318.00
2008-10-27,333.60
2008-10-28,318.60
2008-10-29,332.30
2008-10-30,326.00
2008-10-31,339.40
2008-11-03,332.70
2008-11-04,341.10
2008-11-05,341.00
2008-11-06,339.80
2008-11-07,343.20
2008-11-10,323.00
2008-11-11,331.60
2008-11-12,322.30
2008-11-13,329.10
2008-11-14,330.60
2008-11-17,308.70
2008-11-18,316.70
2008-11-19,307.20
2008-11-20,296.30
2008-11-21,285.90
2008-11-24,299.80
2008-11-25,301.40
2008-11-26,290.40
2008-11-27,301.60
2008-11-28,295.30
2008-12-01,288.00
2008-12-02,325.40
2008-12-03,334.90
2008-12-04,326.00
2008-12-05,324.90
2008-12-08,329.50
2008-12-09,335.60
2008-12-10,334.30
2008-12-11,327.70
2008-12-12,329.70
2008-12-15,327.00
2008-12-16,328.30
2008-12-17,330.50
2008-12-18,343.00
2008-12-19,358.40
2008-12-22,351.70
2008-12-23,345.30
2008-12-24,340.40
2008-12-25,340.40
2008-12-26,340.40
2008-12-29,347.00
2008-12-30,356.50
2008-12-31,360.00
2009-01-01,360.00
2009-01-02,365.20
2009-01-05,360.70
2009-01-06,355.40
2009-01-07,360.30
2009-01-08,361.10
2009-01-09,363.10
2009-01-12,350.30
2009-01-13,351.60
2009-01-14,346.60
2009-01-15,344.50
2009-01-16,344.80
2009-01-19,353.40
2009-01-20,350.70
2009-01-21,351.30
2009-01-22,349.90
2009-01-23,356.50
2009-01-26,360.60
2009-01-27,359.40
2009-01-28,361.90
2009-01-29,361.40
2009-01-30,358.20
2009-02-02,347.40
2009-02-03,360.80
2009-02-04,365.80
2009-02-05,365.30
2009-02-06,373.20
2009-02-09,366.20
2009-02-11,358.60
2009-02-12,353.50
2009-02-13,358.70
2009-02-16,353.50
2009-02-17,345.80
2009-02-18,342.30
2009-02-19,352.00
2009-02-20,344.70
2009-02-23,337.50
2009-02-24,331.80
2009-02-25,331.50
2009-02-26,338.20
2009-02-27,333.20
2009-03-02,321.90
2009-03-03,309.90
2009-03-04,311.30
2009-03-05,306.20
2009-03-06,308.00
2009-03-09,306.20
2009-03-10,314.00
2009-03-11,315.40
2009-03-12,321.80
2009-03-13,327.90
2009-03-16,336.70
2009-03-17,342.40
2009-03-18,338.10
2009-03-19,328.90
2009-03-20,322.30
2009-03-23,325.40
2009-03-24,329.60
2009-03-25,332.80
2009-03-26,331.10
2009-03-27,317.50
2009-03-30,315.60
2009-03-31,333.40
2009-04-01,333.30
2009-04-02,348.70
2009-04-03,332.60
2009-04-06,327.00
2009-04-07,329.20
2009-04-08,334.60
2009-04-09,331.50
2009-04-10,331.50
2009-04-14,323.50
2009-04-15,329.20
2009-04-16,330.00
2009-04-17,329.90
2009-04-20,332.10
2009-04-21,348.30
2009-04-22,351.30
2009-04-23,357.00
2009-04-24,355.40
2009-04-27,354.10
2009-04-28,347.90
2009-04-29,343.00
2009-04-30,337.20
2009-05-01,340.50
2009-05-05,338.40
2009-05-06,345.10
2009-05-07,345.00
2009-05-08,347.90
2009-05-11,340.00
2009-05-12,352.50
2009-05-13,352.90
2009-05-14,355.00
2009-05-15,355.40
2009-05-18,359.80
2009-05-19,355.80
2009-05-20,356.10
2009-05-21,348.30
2009-05-22,350.90
2009-05-26,363.30
2009-05-27,373.60
2009-05-28,368.40
2009-05-29,364.90
2009-06-01,359.30
2009-06-02,352.40
2009-06-03,353.30
2009-06-04,360.80
2009-06-05,363.50
2009-06-08,361.50
2009-06-09,360.50
2009-06-10,357.60
2009-06-11,363.30
2009-06-12,364.50
2009-06-15,356.10
2009-06-16,361.60
2009-06-17,355.80
2009-06-18,356.14
2009-06-19,359.70
2009-06-22,356.14
2009-06-23,362.60
2009-06-24,356.96
2009-06-26,355.25
2009-06-29,358.00
2009-06-30,353.60
2009-07-01,360.10
2009-07-02,351.36
2009-07-03,350.50
2009-07-06,348.50
2009-07-07,350.20
2009-07-08,349.20
2009-07-09,348.70
2009-07-10,357.40
2009-07-13,363.08
2009-07-14,359.50
2009-07-15,364.10
2009-07-16,367.50
2009-07-17,373.15
2009-07-20,370.00
2009-07-21,375.00
2009-07-22,374.50
2009-07-23,369.90
2009-07-24,368.40
2009-07-27,366.80
2009-07-28,369.90
2009-07-29,373.88
2009-07-30,375.00
2009-07-31,367.35
2009-08-03,364.70
2009-08-04,366.10
2009-08-05,370.60
2009-08-06,368.50
2009-08-07,370.20
2009-08-10,366.00
2009-08-12,369.70
2009-08-13,371.90
2009-08-14,364.50
2009-08-17,365.30
2009-08-18,363.52
2009-08-19,363.30
2009-08-20,364.90
2009-08-21,369.60
2009-08-24,372.10
2009-08-25,372.95
2009-08-26,371.90
2009-08-27,375.20
2009-08-28,375.90
2009-09-01,367.40
2009-09-03,369.80
2009-09-04,372.00
2009-09-07,377.00
2009-09-08,376.60
2009-09-09,381.30
2009-09-10,378.40
2009-09-11,385.90
2009-09-14,387.50
2009-09-15,391.50
2009-09-16,389.00
2009-09-17,388.00
2009-09-18,395.60
2009-09-21,395.60
2009-09-22,389.20
2009-09-23,395.90
2009-09-24,389.70
2009-09-25,387.10
2009-09-28,392.70
2009-09-29,396.40
2009-09-30,399.60
2009-10-01,393.70
2009-10-02,390.00
2009-10-05,391.40
2009-10-06,390.70
2009-10-07,381.90
2009-10-08,386.00
2009-10-09,386.00
2009-10-12,385.10
2009-10-13,378.50
2009-10-14,374.00
2009-10-15,380.20
2009-10-16,377.50
2009-10-19,379.15
2009-10-20,383.50
2009-10-21,392.45
2009-10-22,388.80
2009-10-23,389.70
2009-10-26,388.00
2009-10-27,395.85
2009-10-28,400.30
2009-10-29,407.35
2009-10-30,408.49
2009-11-02,408.95
2009-11-03,410.80
2009-11-04,409.00
2009-11-05,418.70
2009-11-06,418.00
2009-11-09,418.85
2009-11-10,414.55
2009-11-11,418.70
2009-11-12,425.00
2009-11-13,425.75
2009-11-16,429.00
2009-11-17,430.85
2009-11-18,426.17
2009-11-19,424.80
2009-11-20,420.50
2009-11-23,427.35
2009-11-24,428.35
2009-11-25,434.75
2009-11-26,429.30
2009-11-27,429.00
2009-11-30,423.00
2009-12-01,423.88
2009-12-02,426.15
2009-12-03,428.95
2009-12-04,433.40
2009-12-07,435.65
2009-12-08,425.45
2009-12-09,418.82
2009-12-10,419.00
2009-12-11,416.85
2009-12-14,418.25
2009-12-15,417.50
2009-12-16,417.00
2009-12-17,410.00
2009-12-18,406.65
2009-12-21,416.50
2009-12-22,418.00
2009-12-23,417.80
2009-12-24,426.95
2009-12-25,426.95
2009-12-28,426.95
2009-12-29,427.70
2009-12-30,423.00
2009-12-31,428.00
2010-01-01,428.00
2010-01-04,428.40
2010-01-05,420.45
2010-01-06,412.05
2010-01-07,412.00
2010-01-08,415.95
2010-01-11,417.85
2010-01-12,421.00
2010-01-13,421.00
2010-01-14,419.90
2010-01-15,422.75
2010-01-18,426.50
2010-01-19,431.05
2010-01-20,425.70
2010-01-21,420.95
2010-01-22,421.75
2010-01-25,415.70
2010-01-26,418.90
2010-01-27,421.20
2010-01-28,421.60
2010-01-29,424.55
2010-02-01,422.30
2010-02-02,427.30
2010-02-03,426.35
2010-02-04,418.85
2010-02-05,410.75
2010-02-08,414.20
2010-02-09,416.95
2010-02-10,417.80
2010-02-11,421.25
2010-02-12,424.00
2010-02-15,425.01
2010-02-16,426.55
2010-02-17,427.55
2010-02-18,430.00
2010-02-19,427.70
2010-02-22,422.55
2010-02-23,421.25
2010-02-24,422.73
2010-02-25,416.20
2010-02-26,419.70
2010-03-01,433.05
2010-03-02,436.85
2010-03-03,435.50
2010-03-04,433.25
2010-03-05,437.15
2010-03-08,440.25
2010-03-09,439.30
2010-03-10,438.20
2010-03-11,436.85
2010-03-12,435.45
2010-03-15,435.40
2010-03-16,437.00
2010-03-17,434.75
2010-03-18,436.55
2010-03-19,439.20
2010-03-22,434.59
2010-03-23,434.50
2010-03-24,432.85
2010-03-25,436.60
2010-03-26,434.20
2010-03-29,435.95
2010-03-30,438.20
2010-03-31,435.45
2010-04-01,438.50
2010-04-02,438.50
2010-04-05,438.50
2010-04-06,440.00
2010-04-07,443.95
2010-04-08,438.25
2010-04-09,440.20
2010-04-12,442.70
2010-04-13,449.00
2010-04-14,446.00
2010-04-15,442.70
2010-04-16,434.65
2010-04-21,438.05
2010-04-22,443.30
2010-04-23,450.70
2010-04-26,454.40
2010-04-27,448.65
2010-04-28,430.60
2010-04-29,436.36
2010-04-30,435.15
2010-05-03,435.15
2010-05-04,438.03
2010-05-05,428.25
2010-05-06,422.93
2010-05-07,409.05
2010-05-10,417.35
2010-05-11,414.23
2010-05-13,424.75
2010-05-14,412.95
2010-05-17,416.90
2010-05-18,414.85
2010-05-19,411.70
2010-05-20,398.95
2010-05-21,398.29
2010-05-24,400.00
2010-05-25,391.84
2010-05-26,399.00
2010-05-27,407.00
2010-05-28,411.60
2010-05-31,411.60
2010-06-01,412.70
2010-06-02,414.65
2010-06-03,416.55
2010-06-04,412.25
2010-06-07,407.03
2010-06-08,397.40
2010-06-09,399.41
2010-06-10,401.55
2010-06-11,394.20
2010-06-14,391.65
2010-06-15,394.50
2010-06-16,396.13
2010-06-17,398.00
2010-06-18,390.75
2010-06-21,388.05
2010-06-22,393.00
2010-06-23,396.50
2010-06-24,400.00
2010-06-25,398.65
2010-06-28,393.85
2010-06-29,389.85
2010-06-30,380.05
2010-07-01,377.50
2010-07-02,381.56
2010-07-05,389.05
2010-07-06,391.00
2010-07-07,392.15
2010-07-08,393.95
2010-07-09,393.79
2010-07-12,395.35
2010-07-13,404.25
2010-07-14,403.75
2010-07-15,402.25
2010-07-16,396.50
2010-07-19,398.80
2010-07-20,394.05
2010-07-21,397.75
2010-07-22,399.20
2010-07-23,398.85
2010-07-26,395.40
2010-07-27,396.35
2010-07-28,396.00
2010-07-29,398.25
2010-07-30,390.65
2010-08-02,398.60
2010-08-03,401.50
2010-08-04,401.20
2010-08-05,399.40
2010-08-06,400.20
2010-08-09,404.50
2010-08-10,406.25
2010-08-11,401.35
2010-08-12,401.40
2010-08-13,401.05
2010-08-16,398.50
2010-08-17,404.45
2010-08-18,403.20
2010-08-19,402.65
2010-08-20,400.20
2010-08-23,403.95
2010-08-24,402.50
2010-08-25,402.70
2010-08-26,401.90
2010-08-27,406.60
2010-08-30,406.60
2010-08-31,405.61
2010-09-01,415.90
2010-09-02,412.20
2010-09-03,413.25
2010-09-06,414.80
2010-09-07,410.45
2010-09-08,414.75
2010-09-09,417.95
2010-09-10,418.60
2010-09-13,422.20
2010-09-14,423.25
2010-09-15,430.70
2010-09-16,426.85
2010-09-17,428.65
2010-09-20,437.50
2010-09-21,433.00
2010-09-22,435.90
2010-09-23,433.70
2010-09-24,439.00
2010-09-27,434.00
2010-09-28,432.30
2010-09-29,433.25
2010-09-30,424.00
2010-10-01,428.10
2010-10-04,430.35
2010-10-05,431.25
2010-10-06,438.18
2010-10-07,438.05
2010-10-08,436.40
2010-10-11,439.65
2010-10-12,437.10
2010-10-13,433.90
2010-10-14,434.25
2010-10-15,435.10
2010-10-18,432.95
2010-10-19,431.30
2010-10-20,432.65
2010-10-21,431.30
2010-10-22,428.45
2010-10-25,431.15
2010-10-26,428.95
2010-10-27,424.00
2010-10-28,423.95
2010-10-29,426.85
2010-11-01,428.50
2010-11-02,431.80
2010-11-03,424.10
2010-11-04,421.00
2010-11-05,419.65
2010-11-08,416.40
2010-11-09,415.08
2010-11-10,413.15
2010-11-11,411.50
2010-11-12,418.60
2010-11-15,422.60
2010-11-16,420.20
2010-11-17,419.80
2010-11-18,428.30
2010-11-19,426.65
2010-11-22,421.85
2010-11-23,418.25
2010-11-24,420.35
2010-11-25,429.30
2010-11-26,430.00
2010-11-29,421.60
2010-11-30,414.30
2010-12-01,413.35
2010-12-02,427.95
2010-12-03,426.90
2010-12-06,420.00
2010-12-07,428.37
2010-12-08,425.45
2010-12-09,426.35
2010-12-10,427.75
2010-12-13,432.00
2010-12-14,429.30
2010-12-15,426.90
2010-12-16,429.00
2010-12-17,433.40
2010-12-20,430.10
2010-12-21,431.25
2010-12-22,432.00
2010-12-23,433.60
2010-12-24,439.00
2010-12-29,435.45
2010-12-30,429.55
2010-12-31,425.00
2011-01-04,433.10
2011-01-05,436.65
2011-01-06,429.95
2011-01-07,429.65
2011-01-10,429.65
2011-01-11,425.35
2011-01-12,423.70
2011-01-13,405.55
2011-01-14,407.02
2011-01-17,411.00
2011-01-18,409.00
2011-01-19,403.75
2011-01-20,398.90
2011-01-21,400.00
2011-01-24,405.50
2011-01-25,399.00
2011-01-26,404.65
2011-01-27,400.86
2011-01-28,398.10
2011-01-31,402.80
2011-02-01,405.50
2011-02-02,406.05
2011-02-03,405.00
2011-02-04,402.50
2011-02-07,402.10
2011-02-08,396.00
2011-02-09,395.83
2011-02-10,394.75
2011-02-11,395.05
2011-02-14,394.30
2011-02-15,399.30
2011-02-16,403.60
2011-02-17,403.00
2011-02-18,408.38
2011-02-21,414.00
2011-02-22,408.85
2011-02-23,407.30
2011-02-24,403.00
2011-02-25,406.05
2011-02-28,404.20
2011-03-01,400.55
2011-03-02,400.60
2011-03-03,402.00
2011-03-04,401.75
2011-03-07,399.10
2011-03-08,399.00
2011-03-09,398.05
2011-03-10,394.50
2011-03-11,391.75
2011-03-14,386.15
2011-03-15,382.40
2011-03-16,378.05
2011-03-17,384.05
2011-03-18,383.25
2011-03-21,384.35
2011-03-22,379.00
2011-03-23,377.45
2011-03-24,389.00
2011-03-25,388.45
2011-03-28,388.35
2011-03-29,386.45
2011-03-30,385.75
2011-03-31,381.00
2011-04-01,388.95
2011-04-04,393.75
2011-04-05,390.00
2011-04-06,393.05
2011-04-07,394.00
2011-04-08,395.55
2011-04-11,395.20
2011-04-12,398.05
2011-04-13,406.00
2011-04-14,406.15
2011-04-15,407.25
2011-04-18,400.00
2011-04-19,393.55
2011-04-20,397.50
2011-04-21,395.30
2011-04-26,406.70
2011-04-27,402.90
2011-04-28,403.55
2011-05-03,404.00
2011-05-04,408.60
2011-05-05,408.45
2011-05-06,407.93
2011-05-09,404.10
2011-05-10,411.30
2011-05-11,412.00
2011-05-12,420.05
2011-05-13,422.00
2011-05-16,417.70
2011-05-17,413.50
2011-05-18,416.80
2011-05-19,414.50
2011-05-20,419.50
2011-05-23,414.85
2011-05-24,413.25
2011-05-25,416.50
2011-05-26,411.75
2011-05-27,416.00
2011-05-31,419.05
2011-06-01,418.50
2011-06-02,414.35
2011-06-03,414.55
2011-06-06,417.50
2011-06-07,414.88
2011-06-08,408.90
2011-06-09,409.60
2011-06-10,406.50
2011-06-13,407.20
2011-06-14,407.30
2011-06-15,404.35
2011-06-16,397.35
2011-06-17,401.80
2011-06-20,403.90
2011-06-21,402.40
2011-06-22,398.80
2011-06-23,395.20
2011-06-24,397.30
2011-06-27,396.50
2011-06-28,397.72
2011-06-29,397.75
2011-06-30,402.00
2011-07-01,401.15
2011-07-04,404.35
2011-07-05,406.94
2011-07-06,406.65
2011-07-07,407.15
2011-07-08,411.50
2011-07-11,410.60
2011-07-12,408.10
2011-07-13,407.85
2011-07-14,402.00
2011-07-15,402.95
2011-07-18,395.00
2011-07-19,392.05
2011-07-20,392.35
2011-07-21,391.85
2011-07-22,397.45
2011-07-25,396.50
2011-07-26,395.35
2011-07-27,391.65
2011-07-28,387.50
2011-07-29,383.45
2011-08-01,380.90
2011-08-02,380.00
2011-08-03,377.10
2011-08-04,370.20
2011-08-05,362.40
2011-08-08,361.90
2011-08-09,370.15
2011-08-10,360.05
2011-08-11,367.20
2011-08-12,381.00
2011-08-15,380.49
2011-08-16,383.00
2011-08-17,384.25
2011-08-18,371.55
2011-08-19,370.25
2011-08-22,382.00
2011-08-23,377.20
2011-08-24,377.30
2011-08-25,367.80
2011-08-26,365.60
2011-08-30,364.80
2011-08-31,378.60
2011-09-01,380.90
2011-09-02,375.05
2011-09-05,361.25
2011-09-06,369.00
2011-09-07,374.70
2011-09-08,379.55
2011-09-09,368.85
2011-09-12,363.70
2011-09-13,364.10
2011-09-14,365.95
2011-09-15,370.95
2011-09-16,373.80
2011-09-19,367.75
2011-09-20,371.15
2011-09-21,364.00
2011-09-22,356.25
2011-09-23,365.20
2011-09-26,371.40
2011-09-27,384.50
2011-09-28,381.00
2011-09-29,380.45
2011-09-30,378.00
2011-10-03,370.50
2011-10-04,380.10
2011-10-05,381.50
2011-10-06,406.00
2011-10-07,405.35
2011-10-10,410.05
2011-10-11,408.00
2011-10-12,400.75
2011-10-13,404.70
2011-10-14,409.00
2011-10-17,410.00
2011-10-18,404.70
2011-10-19,403.55
2011-10-20,402.70
2011-10-21,405.20
2011-10-24,405.20
2011-10-25,402.95
2011-10-26,405.55
2011-10-27,410.00
2011-10-28,405.45
2011-10-31,401.75
2011-11-01,398.00
2011-11-02,401.75
2011-11-03,406.70
2011-11-04,405.55
2011-11-07,404.65
2011-11-08,408.70
2011-11-09,401.75
2011-11-10,400.15
2011-11-11,403.60
2011-11-14,402.75
2011-11-15,405.00
2011-11-16,406.70
2011-11-17,401.85
2011-11-18,395.70
2011-11-21,391.15
2011-11-22,385.80
2011-11-23,384.75
2011-11-24,382.45
2011-11-25,384.20
2011-11-28,396.25
2011-11-29,398.30
2011-11-30,405.20
2011-12-01,406.00
2011-12-02,405.00
2011-12-05,406.75
2011-12-06,398.75
2011-12-07,396.90
2011-12-08,397.20
2011-12-09,399.00
2011-12-12,391.50
2011-12-13,389.50
2011-12-14,386.35
2011-12-15,386.30
2011-12-16,382.90
2011-12-19,383.85
2011-12-20,387.95
2011-12-21,382.90
2011-12-22,387.60
2011-12-23,391.00
2011-12-28,399.80
2011-12-29,402.75
2011-12-30,403.45
2012-01-03,411.25
2012-01-04,405.50
2012-01-05,393.90
2012-01-06,390.90
2012-01-09,390.45
2012-01-10,390.00
2012-01-11,385.00
2012-01-12,330.00
2012-01-13,316.80
2012-01-16,312.35
2012-01-17,317.50
2012-01-18,321.00
2012-01-19,327.00
2012-01-20,329.00
2012-01-23,335.00
2012-01-24,330.00
2012-01-25,322.85
2012-01-26,323.00
2012-01-27,320.75
2012-01-30,320.00
2012-01-31,319.60
2012-02-01,321.45
2012-02-02,319.00
2012-02-03,326.65
2012-02-06,324.80
2012-02-07,327.40
2012-02-08,329.40
2012-02-09,324.50
2012-02-10,320.65
2012-02-13,319.40
2012-02-14,314.15
2012-02-15,317.88
2012-02-16,320.00
2012-02-17,321.00
2012-02-20,321.55
2012-02-21,322.70
2012-02-22,315.40
2012-02-23,316.00
2012-02-24,317.31
2012-02-27,318.00
2012-02-28,318.40
2012-02-29,316.10
2012-03-01,320.00
2012-03-02,318.25
2012-03-05,316.70
2012-03-06,310.45
2012-03-07,311.40
2012-03-08,314.10
2012-03-09,318.30
2012-03-12,319.00
2012-03-13,320.60
2012-03-14,324.85
2012-03-15,321.75
2012-03-16,328.50
2012-03-19,331.00
2012-03-20,332.75
2012-03-21,332.30
2012-03-22,331.65
2012-03-23,337.70
2012-03-26,339.00
2012-03-27,338.40
2012-03-28,336.75
2012-03-29,328.10
2012-03-30,327.90
2012-04-02,331.20
2012-04-03,332.30
2012-04-04,325.95
2012-04-05,324.50
2012-04-10,315.25
2012-04-11,318.75
2012-04-12,325.41
2012-04-13,322.05
2012-04-16,320.90
2012-04-17,328.30
2012-04-18,321.05
2012-04-19,320.05
2012-04-20,321.85
2012-04-23,319.30
2012-04-24,326.55
2012-04-25,317.00
2012-04-26,313.90
2012-04-27,317.95
2012-04-30,317.35
2012-05-01,319.20
2012-05-02,318.00
2012-05-03,318.20
2012-05-04,319.20
2012-05-08,323.45
2012-05-09,320.50
2012-05-10,320.15
2012-05-11,323.75
2012-05-14,318.75
2012-05-15,316.00
2012-05-16,317.90
2012-05-17,313.95
2012-05-18,313.70
2012-05-21,311.15
2012-05-22,309.80
2012-05-23,304.60
2012-05-24,308.25
2012-05-25,309.55
2012-05-28,304.50
2012-05-29,301.00
2012-05-30,297.05
2012-05-31,302.55
2012-06-01,299.25
2012-06-06,301.20
2012-06-07,303.50
2012-06-08,302.80
2012-06-11,302.80
2012-06-12,304.05
2012-06-13,303.95
2012-06-14,305.25
2012-06-15,301.10
2012-06-18,303.75
2012-06-19,307.90
2012-06-20,309.65
2012-06-21,310.50
2012-06-22,311.60
2012-06-25,309.20
2012-06-26,309.00
2012-06-27,309.80
2012-06-28,311.85
2012-06-29,310.05
2012-07-02,314.70
2012-07-03,319.75
2012-07-04,315.95
2012-07-05,317.35
2012-07-06,317.10
2012-07-09,317.40
2012-07-10,319.95
2012-07-11,320.00
2012-07-12,315.00
2012-07-13,313.75
2012-07-16,317.00
2012-07-17,317.00
2012-07-18,322.20
2012-07-19,324.95
2012-07-20,325.00
2012-07-23,318.50
2012-07-24,315.55
2012-07-25,314.00
2012-07-26,316.00
2012-07-27,321.00
2012-07-30,318.35
2012-07-31,318.10
2012-08-01,317.95
2012-08-02,314.15
2012-08-03,319.00
2012-08-06,322.30
2012-08-07,325.65
2012-08-08,327.05
2012-08-09,328.55
2012-08-10,327.35
2012-08-13,329.10
2012-08-14,335.00
2012-08-15,332.60
2012-08-16,338.30
2012-08-17,340.00
2012-08-20,338.95
2012-08-21,339.35
2012-08-22,339.20
2012-08-23,338.00
2012-08-24,339.00
2012-08-28,341.05
2012-08-29,337.30
2012-08-30,339.55
2012-08-31,336.60
2012-09-03,339.45
2012-09-04,338.80
2012-09-05,340.80
2012-09-06,349.90
2012-09-07,347.05
2012-09-10,343.55
2012-09-11,341.65
2012-09-12,341.20
2012-09-13,342.10
2012-09-14,345.90
2012-09-17,345.65
2012-09-18,343.95
2012-09-19,343.45
2012-09-20,339.75
2012-09-21,340.00
2012-09-24,337.65
2012-09-25,342.90
2012-09-26,339.95
2012-09-27,335.55
2012-09-28,332.00
2012-10-01,331.00
2012-10-02,336.70
2012-10-03,327.95
2012-10-04,318.15
2012-10-05,315.15
2012-10-08,317.35
2012-10-09,314.45
2012-10-10,311.20
2012-10-11,313.00
2012-10-12,310.00
2012-10-15,310.00
2012-10-16,307.90
2012-10-17,316.30
2012-10-18,320.55
2012-10-19,319.15
2012-10-22,315.05
2012-10-23,313.55
2012-10-24,310.55
2012-10-25,314.90
2012-10-26,317.45
2012-10-29,317.05
2012-10-30,318.80
2012-10-31,319.85
2012-11-01,320.90
2012-11-02,324.75
2012-11-05,326.45
2012-11-06,326.80
2012-11-07,322.30
2012-11-08,322.20
2012-11-09,324.80
2012-11-12,324.75
2012-11-13,321.00
2012-11-14,321.35
2012-11-15,316.30
2012-11-16,315.00
2012-11-19,318.00
2012-11-20,317.25
2012-11-21,316.00
2012-11-22,317.35
2012-11-23,318.00
2012-11-26,317.50
2012-11-27,321.20
2012-11-28,322.85
2012-11-29,325.05
2012-11-30,325.10
2012-12-03,322.45
2012-12-04,326.65
2012-12-05,337.45
2012-12-06,339.60
2012-12-07,336.75
2012-12-10,335.95
2012-12-11,339.60
2012-12-12,340.50
2012-12-13,339.40
2012-12-14,341.90
2012-12-17,341.70
2012-12-18,341.55
2012-12-19,340.25
2012-12-20,338.60
2012-12-21,339.80
2012-12-24,338.50
2012-12-27,336.00
2012-12-28,337.45
2012-12-31,336.00
2013-01-02,342.75
2013-01-03,350.00
2013-01-04,348.30
2013-01-07,349.30
2013-01-08,351.50
2013-01-09,349.15
2013-01-10,355.40
2013-01-11,353.20
2013-01-14,351.20
2013-01-15,349.60
2013-01-16,347.10
2013-01-17,349.05
2013-01-18,350.35
2013-01-21,350.65
2013-01-22,349.55
2013-01-23,352.80
2013-01-24,352.50
2013-01-25,355.65
2013-01-28,355.95
2013-01-29,361.25
2013-01-30,357.35
2013-01-31,356.30
2013-02-01,360.60
2013-02-04,357.50
2013-02-05,359.20
2013-02-06,363.20
2013-02-07,360.35
2013-02-08,362.60
2013-02-11,367.90
2013-02-12,371.95
2013-02-13,374.25
2013-02-14,370.55
2013-02-15,364.75
2013-02-18,366.95
2013-02-19,369.10
2013-02-20,374.40
2013-02-21,373.65
2013-02-22,372.25
2013-02-25,373.95
2013-02-26,365.00
2013-02-27,363.80
2013-02-28,369.60
2013-03-01,369.45
2013-03-04,367.60
2013-03-05,372.20
2013-03-06,378.15
2013-03-07,377.05
2013-03-08,379.95
2013-03-11,377.35
2013-03-12,380.45
2013-03-13,375.60
2013-03-14,385.95
2013-03-15,385.15
2013-03-18,382.65
2013-03-19,380.05
2013-03-20,381.45
2013-03-21,373.20
2013-03-22,371.85
2013-03-25,371.25
2013-03-26,373.25
2013-03-27,377.70
2013-03-28,381.55
2013-04-02,385.50
2013-04-03,377.70
2013-04-04,378.00
2013-04-05,369.05
2013-04-08,374.15
2013-04-09,378.50
2013-04-10,380.45
2013-04-11,385.40
2013-04-12,387.75
2013-04-15,385.10
2013-04-16,384.85
2013-04-17,369.75
2013-04-18,365.45
2013-04-19,363.00
2013-04-22,368.10
2013-04-23,373.80
2013-04-24,365.20
2013-04-25,365.00
2013-04-26,368.41
2013-04-29,366.90
2013-04-30,366.15
2013-05-01,370.60
2013-05-02,366.05
2013-05-03,367.75
2013-05-07,370.00
2013-05-08,375.25
2013-05-09,376.65
2013-05-10,375.55
2013-05-13,375.55
2013-05-14,376.80
2013-05-15,375.40
2013-05-16,373.90
2013-05-17,380.80
2013-05-20,383.10
2013-05-21,382.00
2013-05-22,386.00
2013-05-23,383.30
2013-05-24,380.00
2013-05-28,385.00
2013-05-29,373.00
2013-05-30,367.25
2013-05-31,365.45
2013-06-03,358.45
2013-06-04,364.45
2013-06-05,345.60
2013-06-06,344.80
2013-06-07,346.35
2013-06-10,350.00
2013-06-11,343.95
2013-06-12,342.55
2013-06-13,339.90
2013-06-14,336.50
2013-06-17,336.50
2013-06-18,335.90
2013-06-19,344.60
2013-06-20,331.30
2013-06-21,330.70
2013-06-24,326.00
2013-06-25,328.57
2013-06-26,327.60
2013-06-27,333.60
2013-06-28,331.40
2013-07-01,333.00
2013-07-02,333.35
2013-07-03,331.40
2013-07-04,339.90
2013-07-05,341.15
2013-07-08,342.66
2013-07-09,343.60
2013-07-10,349.50
2013-07-11,349.35
2013-07-12,349.55
2013-07-15,353.15
2013-07-16,355.50
2013-07-17,362.25
2013-07-18,368.20
2013-07-19,370.20
2013-07-22,368.05
2013-07-23,367.15
2013-07-24,367.75
2013-07-25,365.85
2013-07-26,386.40
2013-07-29,361.00
2013-07-30,366.65
2013-07-31,367.30
2013-08-01,370.25
2013-08-02,371.25
2013-08-05,368.15
2013-08-06,372.00
2013-08-07,365.05
2013-08-08,369.10
2013-08-09,375.00
2013-08-12,372.30
2013-08-13,370.85
2013-08-14,374.50
2013-08-15,367.00
2013-08-16,368.30
2013-08-19,366.30
2013-08-20,365.05
2013-08-21,367.07
2013-08-22,365.80
2013-08-23,372.50
2013-08-27,372.80
2013-08-28,371.25
2013-08-29,372.00
2013-08-30,366.55
2013-09-02,370.15
2013-09-03,369.85
2013-09-04,366.05
2013-09-05,367.20
2013-09-06,367.00
2013-09-09,367.25
2013-09-10,372.05
2013-09-11,371.40
2013-09-12,371.75
2013-09-13,372.00
2013-09-16,372.10
2013-09-17,371.40
2013-09-18,378.30
2013-09-19,377.30
2013-09-20,376.25
2013-09-24,374.00
2013-09-25,360.90
2013-09-26,362.45
2013-09-27,362.60
2013-09-30,359.00
2013-10-01,359.10
2013-10-02,358.00
2013-10-03,365.00
2013-10-04,361.50
2013-10-07,362.00
2013-10-08,360.50
2013-10-09,354.75
2013-10-10,355.70
2013-10-11,357.90
2013-10-14,361.55
2013-10-15,364.50
2013-10-16,365.50
2013-10-17,368.00
2013-10-18,368.03
2013-10-21,372.20
2013-10-22,371.45
2013-10-23,370.05
2013-10-24,371.00
2013-10-25,370.15
2013-10-28,371.40
2013-10-29,369.10
2013-10-30,369.00
2013-10-31,364.20
2013-11-01,363.40
2013-11-04,362.50
2013-11-05,363.00
2013-11-06,363.35
2013-11-07,364.60
2013-11-08,366.05
2013-11-11,368.00
2013-11-12,366.80
2013-11-13,364.16
2013-11-14,356.15
2013-11-15,354.50
2013-11-18,358.00
2013-11-19,356.95
2013-11-20,352.65
2013-11-21,353.70
2013-11-22,354.55
2013-11-25,354.25
2013-11-26,345.35
2013-11-27,345.45
2013-11-28,348.15
2013-11-29,347.95
2013-12-02,340.90
2013-12-03,341.60
2013-12-04,340.64
2013-12-05,333.15
2013-12-06,332.90
2013-12-09,333.41
2013-12-10,331.95
2013-12-11,328.10
2013-12-12,325.20
2013-12-13,324.20
2013-12-16,331.00
2013-12-17,324.50
2013-12-18,319.05
2013-12-19,323.85
2013-12-20,332.20
2013-12-23,332.15
2013-12-24,336.50
2013-12-27,340.00
2013-12-30,336.35
2013-12-31,334.35
2014-01-02,330.05
2014-01-03,330.50
2014-01-06,331.52
2014-01-07,331.75
2014-01-08,328.30
2014-01-09,320.00
2014-01-10,321.80
2014-01-13,326.55
2014-01-14,331.20
2014-01-15,332.25
2014-01-16,333.30
2014-01-17,331.10
2014-01-20,329.60
2014-01-21,329.60
2014-01-22,330.00
2014-01-23,326.40
2014-01-24,326.65
2014-01-27,324.60
2014-01-28,320.25
2014-01-29,321.15
2014-01-30,323.30
2014-01-31,320.35
2014-02-03,318.95
2014-02-04,314.00
2014-02-05,315.00
2014-02-06,323.40
2014-02-07,320.90
2014-02-10,323.70
2014-02-11,318.70
2014-02-12,323.35
2014-02-13,324.85
2014-02-14,324.65
2014-02-17,327.40
2014-02-18,329.70
2014-02-19,335.75
2014-02-20,334.50
2014-02-21,335.15
2014-02-24,333.40
2014-02-25,335.20
2014-02-26,326.00
2014-02-27,331.25
2014-02-28,329.20
2014-03-03,322.65
2014-03-04,327.90
2014-03-05,327.50
2014-03-06,324.20
2014-03-07,322.75
2014-03-10,320.00
2014-03-11,314.65
2014-03-12,314.43
2014-03-13,298.78
2014-03-14,303.70
2014-03-17,299.73
2014-03-18,300.25
2014-03-19,294.63
2014-03-20,292.50
2014-03-21,290.90
2014-03-24,293.35
2014-03-25,293.70
2014-03-26,294.32
2014-03-27,293.34
2014-03-28,297.00
2014-03-31,295.39
2014-04-01,292.88
2014-04-02,292.65
2014-04-03,291.70
2014-04-04,287.40
2014-04-07,283.30
2014-04-08,287.85
2014-04-09,284.20
2014-04-10,284.05
2014-04-11,281.05
2014-04-14,289.35
2014-04-15,286.30
2014-04-16,293.80
2014-04-17,289.70
2014-04-22,292.40
2014-04-23,297.35
2014-04-24,300.40
2014-04-25,299.39
2014-04-28,302.35
2014-04-29,303.30
2014-04-30,292.95
2014-05-01,286.55
2014-05-02,285.50
2014-05-06,287.79
2014-05-07,286.05
2014-05-08,295.00
2014-05-09,297.00
2014-05-12,293.95
2014-05-13,295.75
2014-05-14,296.29
2014-05-15,302.55
2014-05-16,310.43
2014-05-19,312.03
2014-05-20,306.05
2014-05-21,303.78
2014-05-22,303.45
2014-05-23,304.13
2014-05-27,302.78
2014-05-28,301.28
2014-05-29,305.03
2014-05-30,303.55
2014-06-02,300.55
2014-06-03,297.50
2014-06-04,293.50
2014-06-05,291.65
2014-06-06,290.55
2014-06-09,294.10
2014-06-10,295.40
2014-06-11,295.00
2014-06-12,292.10
2014-06-13,292.00
2014-06-16,288.85
2014-06-17,290.05
2014-06-18,292.10
2014-06-19,290.90
2014-06-20,290.35
2014-06-23,292.00
2014-06-24,289.35
2014-06-25,285.25
2014-06-26,286.10
2014-06-27,283.75
2014-06-30,284.17
2014-07-01,284.15
2014-07-02,284.95
2014-07-03,290.80
2014-07-04,290.85
2014-07-07,289.20
2014-07-08,283.05
2014-07-09,279.50
2014-07-10,280.70
2014-07-11,278.10
2014-07-14,284.45
2014-07-15,281.95
2014-07-16,287.15
2014-07-17,284.72
2014-07-18,284.80
2014-07-21,288.65
2014-07-22,277.35
2014-07-23,276.00
2014-07-24,274.80
2014-07-25,270.35
2014-07-28,268.50
2014-07-29,269.15
2014-07-30,265.90
2014-07-31,258.00
2014-08-01,253.60
2014-08-04,250.70
2014-08-05,251.10
2014-08-06,245.55
2014-08-07,243.85
2014-08-08,247.00
2014-08-11,246.30
2014-08-12,243.35
2014-08-13,244.15
2014-08-14,245.20
2014-08-15,248.00
2014-08-18,247.95
2014-08-19,248.50
2014-08-20,246.90
2014-08-21,245.50
2014-08-22,248.00
2014-08-26,252.10
2014-08-27,249.30
2014-08-28,246.30
2014-08-29,229.95
2014-09-01,225.55
2014-09-02,230.90
2014-09-03,232.60
2014-09-04,229.45
2014-09-05,228.50
2014-09-08,232.90
2014-09-09,233.15
2014-09-10,231.90
2014-09-11,230.20
2014-09-12,228.65
2014-09-15,228.50
2014-09-16,225.15
2014-09-17,224.75
2014-09-18,227.35
2014-09-19,229.60
2014-09-22,205.90
2014-09-23,194.50
2014-09-24,194.90
2014-09-25,192.50
2014-09-26,191.55
2014-09-29,188.72
2014-09-30,186.20
2014-10-01,179.68
2014-10-02,178.20
2014-10-03,172.15
2014-10-06,176.75
2014-10-07,182.60
2014-10-08,185.10
2014-10-09,186.70
2014-10-10,185.25
2014-10-13,180.60
2014-10-14,179.80
2014-10-15,174.90
2014-10-16,172.00
2014-10-17,174.55
2014-10-20,179.30
2014-10-21,185.90
2014-10-22,183.00
2014-10-23,171.00
2014-10-24,168.75
2014-10-27,169.10
2014-10-28,169.80
2014-10-29,173.35
2014-10-30,173.30
2014-10-31,173.60
2014-11-03,173.75
2014-11-04,171.85
2014-11-05,175.75
2014-11-06,181.50
2014-11-07,184.45
2014-11-10,192.90
2014-11-11,194.95
2014-11-12,191.45
2014-11-13,191.15
2014-11-14,195.00
2014-11-17,192.70
2014-11-18,192.70
2014-11-19,194.10
2014-11-20,192.90
2014-11-21,194.40
2014-11-24,193.40
2014-11-25,188.15
2014-11-26,187.20
2014-11-27,185.65
2014-11-28,186.45
2014-12-01,183.80
2014-12-02,187.30
2014-12-03,188.50
2014-12-04,186.05
2014-12-05,189.60
2014-12-08,187.30
2014-12-09,174.90
2014-12-10,175.70
2014-12-11,171.30
2014-12-12,165.75
2014-12-15,164.80
2014-12-16,167.45
2014-12-17,168.15
2014-12-18,175.80
2014-12-19,185.40
2014-12-22,181.00
2014-12-23,184.60
2014-12-24,186.00
2014-12-29,188.45
2014-12-30,186.90
2014-12-31,189.00
2015-01-05,181.60
2015-01-06,178.80
2015-01-07,182.00
2015-01-08,209.25
2015-01-09,204.10
2015-01-12,204.55
2015-01-13,212.00
2015-01-14,214.00
2015-01-15,219.25
2015-01-16,219.05
2015-01-19,221.40
2015-01-20,224.90
2015-01-21,229.00
2015-01-22,235.85
2015-01-23,235.30
2015-01-26,230.00
2015-01-27,230.25
2015-01-28,227.65
2015-01-29,227.00
2015-01-30,224.75
2015-02-02,228.35
2015-02-03,232.05
2015-02-04,229.55
2015-02-05,232.40
2015-02-06,228.70
2015-02-09,233.40
2015-02-10,241.85
2015-02-11,242.40
2015-02-12,243.50
2015-02-13,241.60
2015-02-16,242.40
2015-02-17,244.35
2015-02-18,242.70
2015-02-19,239.95
2015-02-20,240.60
2015-02-23,240.40
2015-02-24,238.40
2015-02-25,240.90
2015-02-26,246.00
2015-02-27,245.40
2015-03-02,246.70
2015-03-03,244.95
2015-03-04,243.25
2015-03-05,245.95
2015-03-06,242.50
2015-03-09,240.30
2015-03-10,235.30
2015-03-11,235.45
2015-03-12,235.75
2015-03-13,232.85
2015-03-16,241.35
2015-03-17,237.15
2015-03-18,241.80
2015-03-19,242.80
2015-03-20,244.85
2015-03-23,246.60
2015-03-24,243.65
2015-03-25,239.35
2015-03-26,238.00
2015-03-27,238.25
2015-03-30,240.95
2015-03-31,241.85
2015-04-01,243.25
2015-04-02,244.30
2015-04-07,251.00
2015-04-08,246.85
2015-04-09,246.80
2015-04-10,251.00
2015-04-13,244.30
2015-04-14,244.20
2015-04-15,246.90
2015-04-16,241.05
2015-04-17,236.70
2015-04-20,235.00
2015-04-21,234.75
2015-04-22,222.65
2015-04-23,225.30
2015-04-24,224.80
2015-04-27,220.80
2015-04-28,220.05
2015-04-29,220.45
2015-04-30,221.00
2015-05-01,225.00
2015-05-05,226.90
2015-05-06,226.80
2015-05-07,223.70
2015-05-08,228.85
2015-05-11,232.50
2015-05-12,227.45
2015-05-13,224.70
2015-05-14,227.40
2015-05-15,224.50
2015-05-18,222.10
2015-05-19,221.15
2015-05-20,220.50
2015-05-21,220.70
2015-05-22,219.40
2015-05-26,215.65
2015-05-27,217.00
2015-05-28,216.40
2015-05-29,212.60
2015-06-01,209.80
2015-06-02,207.45
2015-06-03,210.40
2015-06-04,208.65
2015-06-05,205.80
2015-06-08,203.50
2015-06-09,202.10
2015-06-10,211.45
2015-06-11,215.65
2015-06-12,213.70
2015-06-15,214.00
2015-06-16,211.50
2015-06-17,208.05
2015-06-18,209.50
2015-06-19,210.85
2015-06-22,214.00
2015-06-23,216.20
2015-06-24,215.80
2015-06-25,217.75
2015-06-26,223.65
2015-06-29,219.55
2015-06-30,212.55
2015-07-01,209.60
2015-07-02,209.55
2015-07-03,207.40
2015-07-06,205.25
2015-07-07,200.65
2015-07-08,201.90
2015-07-09,206.00
2015-07-10,207.75
2015-07-13,212.50
2015-07-14,216.45
2015-07-15,217.10
2015-07-16,217.65
2015-07-17,218.05
2015-07-20,218.60
2015-07-21,221.60
2015-07-22,219.00
2015-07-23,219.60
2015-07-24,219.00
2015-07-27,214.30
2015-07-28,212.40
2015-07-29,213.00
2015-07-30,214.65
2015-07-31,215.70
2015-08-03,211.60
2015-08-04,210.70
2015-08-05,215.40
2015-08-06,218.90
2015-08-07,215.80
2015-08-10,212.56
2015-08-11,209.55
2015-08-12,204.15
2015-08-13,202.00
2015-08-14,202.65
2015-08-17,202.20
2015-08-18,198.60
2015-08-19,194.75
2015-08-20,193.70
2015-08-21,188.20
2015-08-24,181.10
2015-08-25,186.00
2015-08-26,186.20
2015-08-27,191.45
2015-08-28,191.35
2015-09-01,185.40
2015-09-02,184.85
2015-09-03,189.55
2015-09-04,185.95
2015-09-07,185.95
2015-09-08,189.00
2015-09-09,191.20
2015-09-10,185.55
2015-09-11,181.35
2015-09-14,178.45
2015-09-15,177.00
2015-09-16,179.20
2015-09-17,176.25
2015-09-18,174.65
2015-09-21,176.50
2015-09-22,168.20
2015-09-23,168.55
2015-09-24,165.15
2015-09-25,167.45
2015-09-28,166.20
2015-09-29,171.30
2015-09-30,183.20
2015-10-01,181.97
2015-10-02,179.85
2015-10-05,186.55
2015-10-06,192.15
2015-10-07,197.00
2015-10-08,201.75
2015-10-09,204.80
2015-10-12,201.85
2015-10-13,194.05
2015-10-14,192.45
2015-10-15,192.15
2015-10-16,196.95
2015-10-19,193.60
2015-10-20,189.10
2015-10-21,188.15
2015-10-22,188.25
2015-10-23,190.60
2015-10-26,190.55
2015-10-27,185.20
2015-10-28,188.75
2015-10-29,185.65
2015-10-30,183.30
2015-11-02,183.95
2015-11-03,184.65
2015-11-04,188.70
2015-11-05,184.00
2015-11-06,182.90
2015-11-09,178.55
2015-11-10,175.25
2015-11-11,174.00
2015-11-12,171.70
2015-11-13,167.00
2015-11-16,166.20
2015-11-17,169.00
2015-11-18,170.90
2015-11-19,172.00
2015-11-20,173.00
2015-11-23,165.10
2015-11-24,164.40
2015-11-25,168.50
2015-11-26,170.00
2015-11-27,169.15
2015-11-30,167.20
2015-12-01,167.60
2015-12-02,167.30
2015-12-03,163.90
2015-12-04,162.60
2015-12-07,157.00
2015-12-08,156.55
2015-12-09,153.00
2015-12-10,150.55
2015-12-11,144.35
2015-12-14,143.05
2015-12-15,149.30
2015-12-16,148.00
2015-12-18,143.45
2015-12-21,145.30
2015-12-22,144.85
2015-12-23,152.90
2015-12-24,150.90
2015-12-29,151.15
2015-12-30,150.55
2015-12-31,149.50
2016-01-04,142.25
2016-01-05,144.40
2016-01-06,141.55
2016-01-07,139.20
2016-01-08,146.90
2016-01-11,145.45
2016-01-12,155.20
2016-01-13,158.30
2016-01-14,168.00
2016-01-15,164.45
2016-01-18,161.55
2016-01-19,159.10
2016-01-20,152.40
2016-01-21,156.05
2016-01-22,160.55
2016-01-25,155.70
2016-01-26,160.35
2016-01-27,161.00
2016-01-28,166.20
2016-01-29,173.40
2016-02-01,171.75
2016-02-02,171.10
2016-02-03,168.30
2016-02-04,169.90
2016-02-05,174.60
2016-02-08,172.60
2016-02-09,173.80
2016-02-10,181.30
2016-02-11,179.60
2016-02-12,177.00
2016-02-15,178.80
2016-02-16,180.55
2016-02-17,186.85
2016-02-18,186.75
2016-02-19,183.30
2016-02-22,184.65
2016-02-23,179.55
2016-02-24,176.70
2016-02-25,180.55
2016-02-26,184.15
2016-02-29,180.40
2016-03-01,183.95
2016-03-02,181.65
2016-03-03,186.15
2016-03-04,190.75
2016-03-07,191.80
2016-03-08,195.15
2016-03-09,195.20
2016-03-10,188.60
2016-03-11,192.20
2016-03-14,193.15
2016-03-15,190.25
2016-03-16,190.65
2016-03-17,192.95
2016-03-18,194.85
2016-03-21,197.45
2016-03-22,201.65
2016-03-23,197.55
2016-03-24,189.80
2016-03-29,189.40
2016-03-30,193.75
2016-03-31,191.80
2016-04-01,190.00
2016-04-04,190.90
2016-04-05,187.65
2016-04-06,191.45
2016-04-07,191.30
2016-04-08,190.55
2016-04-11,193.50
2016-04-12,196.30
2016-04-13,181.00
2016-04-14,177.65
2016-04-15,179.55
2016-04-18,180.95
2016-04-19,181.80
2016-04-20,182.00
2016-04-21,185.00
2016-04-22,186.60
2016-04-25,184.75
2016-04-26,183.45
2016-04-27,174.80
2016-04-28,173.30
2016-04-29,172.10
2016-05-03,169.25
2016-05-04,160.05
2016-05-05,159.90
2016-05-06,159.25
2016-05-09,156.80
2016-05-10,159.90
2016-05-11,159.35
2016-05-12,155.60
2016-05-13,161.65
2016-05-16,166.70
2016-05-17,164.50
2016-05-18,163.00
2016-05-19,159.90
2016-05-20,164.30
2016-05-23,160.10
2016-05-24,171.00
2016-05-25,167.00
2016-05-26,168.60
2016-05-27,167.25
2016-05-31,165.10
2016-06-01,166.95
2016-06-02,169.50
2016-06-03,162.00
2016-06-06,159.20
2016-06-07,156.80
2016-06-08,160.55
2016-06-09,157.90
2016-06-10,151.55
2016-06-13,149.55
2016-06-14,147.35
2016-06-15,151.20
2016-06-16,152.65
2016-06-17,154.35
2016-06-20,161.45
2016-06-21,164.15
2016-06-22,166.45
2016-06-23,167.80
2016-06-24,162.30
2016-06-27,153.65
2016-06-28,160.45
2016-06-29,170.70
2016-06-30,174.90
2016-07-01,177.20
2016-07-04,178.45
2016-07-05,175.75
2016-07-06,161.60
2016-07-07,160.20
2016-07-08,163.20
2016-07-11,165.30
2016-07-12,169.70
2016-07-13,169.40
2016-07-14,168.45
2016-07-15,165.90
2016-07-18,166.00
2016-07-19,163.75
2016-07-20,161.15
2016-07-21,158.80
2016-07-22,159.80
2016-07-25,162.10
2016-07-26,155.50
2016-07-27,157.00
2016-07-28,156.20
2016-07-29,156.00
2016-08-01,154.90
2016-08-02,154.70
2016-08-03,154.00
2016-08-04,155.55
2016-08-05,154.80
2016-08-08,154.60
2016-08-09,158.10
2016-08-10,158.90
2016-08-11,156.55
2016-08-12,160.50
2016-08-15,157.80
2016-08-16,157.70
2016-08-17,156.25
2016-08-18,159.50
2016-08-19,159.20
2016-08-22,159.50
2016-08-23,166.30
2016-08-24,164.15
2016-08-25,164.05
2016-08-26,163.50
2016-08-30,163.30
2016-08-31,166.35
2016-09-01,167.90
2016-09-02,171.65
2016-09-05,169.50
2016-09-06,170.00
2016-09-07,171.25
2016-09-08,171.10
2016-09-09,166.05
2016-09-12,163.30
2016-09-13,160.65
2016-09-14,161.70
2016-09-15,169.65
2016-09-16,169.30
2016-09-19,176.40
2016-09-20,177.90
2016-09-21,177.65
2016-09-22,180.95
2016-09-23,181.55
2016-09-26,176.45
2016-09-27,177.75
2016-09-28,177.65
2016-09-29,179.95
2016-09-30,182.95
2016-10-03,185.30
2016-10-04,188.70
2016-10-05,207.10
2016-10-06,201.90
2016-10-07,201.20
2016-10-10,203.10
2016-10-11,202.10
2016-10-12,201.20
2016-10-13,195.10
2016-10-14,203.70
2016-10-17,201.30
2016-10-18,208.30
2016-10-19,214.85
2016-10-20,210.60
2016-10-21,210.80
2016-10-24,210.65
2016-10-25,210.15
2016-10-26,213.55
2016-10-27,214.25
2016-10-28,215.75
2016-10-31,210.75
2016-11-01,213.20
2016-11-02,209.25
2016-11-03,210.00
2016-11-04,202.50
2016-11-07,200.20
2016-11-08,201.20
2016-11-09,199.65
2016-11-10,199.50
2016-11-11,198.45
2016-11-14,205.85
2016-11-15,217.00
2016-11-16,213.15
2016-11-17,214.00
2016-11-18,212.50
2016-11-21,213.30
2016-11-22,218.70
2016-11-23,213.40
2016-11-24,211.50
2016-11-25,212.20
2016-11-28,209.60
2016-11-29,208.85
2016-11-30,208.70
2016-12-01,205.55
2016-12-02,206.75
2016-12-05,212.40
2016-12-06,210.55
2016-12-07,213.30
2016-12-08,216.95
2016-12-09,218.10
2016-12-12,212.85
2016-12-13,204.85
2016-12-14,205.75
2016-12-15,204.90
2016-12-16,200.40
2016-12-19,202.30
2016-12-20,204.65
2016-12-21,204.25
2016-12-22,203.70
2016-12-23,205.85
2016-12-28,204.40
2016-12-29,206.40
2016-12-30,206.85
2017-01-03,206.15
2017-01-04,205.50
2017-01-05,199.05
2017-01-06,199.50
2017-01-09,200.95
2017-01-10,213.00
2017-01-11,208.80
2017-01-12,206.05
2017-01-13,206.00
2017-01-16,203.30
2017-01-17,202.00
2017-01-18,201.65
2017-01-19,202.60
2017-01-20,198.30
2017-01-23,195.00
2017-01-24,192.15
2017-01-25,188.45
2017-01-26,189.00
2017-01-27,206.55
2017-01-30,197.80
2017-01-31,194.60
2017-02-01,195.25
2017-02-02,196.85
2017-02-03,197.30
2017-02-06,193.05
2017-02-07,193.65
2017-02-08,197.60
2017-02-09,197.90
2017-02-10,198.00
2017-02-13,196.75
2017-02-14,197.00
2017-02-15,196.85
2017-02-16,196.80
2017-02-17,195.75
2017-02-20,194.60
2017-02-21,191.35
2017-02-22,193.40
2017-02-23,191.55
2017-02-24,190.00
2017-02-27,189.10
2017-02-28,188.15
2017-03-01,190.15
2017-03-02,188.80
2017-03-03,188.10
2017-03-06,190.30
2017-03-07,188.95
2017-03-08,188.50
2017-03-09,186.40
2017-03-10,188.80
2017-03-13,191.00
2017-03-14,188.25
2017-03-15,189.40
2017-03-16,186.90
2017-03-17,187.35
2017-03-20,189.00
2017-03-21,188.90
2017-03-22,185.85
2017-03-23,189.60
2017-03-24,191.00
2017-03-27,189.95
2017-03-28,191.20
2017-03-29,190.25
2017-03-30,189.00
2017-03-31,185.60
2017-04-03,184.70
2017-04-04,184.70
2017-04-05,184.25
2017-04-06,185.20
2017-04-07,189.70
2017-04-10,194.20
2017-04-11,195.60
2017-04-12,184.40
2017-04-13,181.50
2017-04-18,176.20
2017-04-19,175.60
2017-04-20,174.20
2017-04-21,173.80
2017-04-24,176.95
2017-04-25,177.70
2017-04-26,180.50
2017-04-27,182.50
2017-04-28,183.25
2017-05-02,183.00
2017-05-03,176.75
2017-05-04,176.65
2017-05-05,179.45
2017-05-08,179.50
2017-05-09,180.06
2017-05-10,183.35
2017-05-11,180.35
2017-05-12,178.85
2017-05-15,178.15
2017-05-16,178.45
2017-05-17,182.30
2017-05-18,184.00
2017-05-19,182.50
2017-05-22,184.65
2017-05-23,182.60
2017-05-24,183.95
2017-05-25,186.75
2017-05-26,186.80
2017-05-30,185.35
2017-05-31,183.70
2017-06-01,183.65
2017-06-02,182.55
2017-06-05,182.20
2017-06-06,181.65
2017-06-07,178.40
2017-06-08,179.95
2017-06-09,180.75
2017-06-12,183.45
2017-06-13,185.30
2017-06-14,185.90
2017-06-15,179.95
2017-06-16,171.10
2017-06-19,171.05
2017-06-20,168.10
2017-06-21,167.90
